VALID,VALID2,LAT,LON,MAG,WFO,TYPECODE,TYPETEXT,CITY,COUNTY,STATE,SOURCE,REMARK,UGC,UGCNAME,QUALIFIER
201906211800,2019/06/21 18:00,48.78,-104.56,1.22,GGW,R,HEAVY RAIN,PLENTYWOOD,SHERIDAN,MT,PUBLIC,SINCE 6:30 AM.,MTC091,Sheridan,M
201906211801,2019/06/21 18:01,43.90,-99.99,None,ABR,C,FUNNEL CLOUD,3 E PRESHO,LYMAN,SD,TRAINED SPOTTER,RELAYED THROUGH HIGHWAY PATROL. 2ND FUNNEL CLOUD REPORTED WITH THESE DEVELOPING CELLS.,SDC085,Lyman,
201906211810,2019/06/21 18:10,37.89,-93.62,0.25,SGF,H,HAIL,COLLINS,ST. CLAIR,MO,EMERGENCY MNGR,PEA SIZE HAIL.,MOC185,St. Clair,M
201906211812,2019/06/21 18:12,48.87,-104.05,2.3,GGW,R,HEAVY RAIN,WESTBY,SHERIDAN,MT,TRAINED SPOTTER,STORM TOTAL SINCE LAST NIGHT.,MTC091,Sheridan,M
201906211820,2019/06/21 18:20,47.88,-103.28,None,BIS,C,FUNNEL CLOUD,5 N WATFORD CITY,MCKENZIE,ND,LAW ENFORCEMENT,SEVERAL BRIEF FUNNEL CLOUDS (COLD AIR FUNNELS) WERE REPORTED NORTH OF WATFORD CITY. THESE FUNNELS ARE NOT ASSOCIATED WITH SEVERE THUNDERSTORMS.,NDC053,McKenzie,
201906211823,2019/06/21 18:23,38.13,-91.77,48.0,SGF,G,TSTM WND GST,2 NNW VICHY,MARIES,MO,ASOS,ASOS REPORTED A 48 MPH WIND GUST AT 1:23 PM.,MOC125,Maries,M
201906211825,2019/06/21 18:25,37.65,-92.67,40.0,SGF,G,TSTM WND GST,2 S LEBANON,LACLEDE,MO,MESONET,MESONET STATION MO008 I-44 MM 126-LEBANON.,MOC105,Laclede,M
201906211838,2019/06/21 18:38,37.67,-93.75,None,SGF,D,TSTM WND DMG,3 SE STOCKTON,CEDAR,MO,PARK/FOREST SRVC,LARGE TREE LIMBS DOWNED NEAR CRABTREE COVE CAMPING PARK. TIME ESTIMATED BY RADAR.,MOC039,Cedar,
201906211842,2019/06/21 18:42,38.53,-89.13,None,LSX,D,TSTM WND DMG,CENTRALIA,MARION,IL,BROADCAST MEDIA,BROADCAST MEDIA AND LAW ENFORCEMENT REPORT TREES AND LINES DOWN IN CENTRALIA.,ILC121,Marion,
201906211843,2019/06/21 18:43,38.53,-89.13,None,LSX,D,TSTM WND DMG,CENTRALIA,MARION,IL,PUBLIC,MULTIPLE TREES DOWN. TIME ESTIMATED FROM RADAR.,ILC121,Marion,
201906211846,2019/06/21 18:46,41.90,-92.28,1.0,DVN,R,HEAVY RAIN,BELLE PLAINE,BENTON,IA,TRAINED SPOTTER,RAINFALL SO FAR TODAY.,IAC011,Benton,M
201906211850,2019/06/21 18:50,37.62,-93.40,None,SGF,D,TSTM WND DMG,1 NE BOLIVAR,POLK,MO,NEWSPAPER,CORRECTS PREVIOUS NON-TSTM WND DMG REPORT FROM 1 NE BOLIVAR TO TSTM WND DMG. A TREE LANDED ON A HOUSE IN BOLIVAR ON EAST DIVISION STREET. TIME ESTIMATED FROM RADAR.,MOC167,Polk,
201906211850,2019/06/21 18:50,37.62,-93.40,None,SGF,O,NON-TSTM WND DMG,1 NE BOLIVAR,POLK,MO,NEWSPAPER,A TREE LANDED ON A HOUSE IN BOLIVAR ON EAST DIVISION STREET. TIME ESTIMATED FROM RADAR.,MOC167,Polk,
201906211856,2019/06/21 18:56,37.32,-92.97,40.0,SGF,G,TSTM WND GST,2 NNE NORTHVIEW,WEBSTER,MO,NWS EMPLOYEE,GUST TO 40 MPH.,MOC225,Webster,M
201906211900,2019/06/21 19:00,40.30,-107.04,0.93,GJT,R,HEAVY RAIN,OAK CREEK 5WNW,ROUTT,CO,TRAINED SPOTTER,STORM TOTAL SO FAR. INCLUDES MELTED SNOW.,COC107,Routt,M
201906211905,2019/06/21 19:05,37.71,-91.87,None,SGF,D,TSTM WND DMG,EDGAR SPRINGS,PHELPS,MO,PUBLIC,TREE LIMBS DOWN. ESTIMATED 55-60 MPH WINDS. REPORT VIA SOCIAL MEDIA.,MOC161,Phelps,
201906211907,2019/06/21 19:07,37.49,-93.20,None,SGF,D,TSTM WND DMG,5 ENE PLEASANT HOPE,POLK,MO,NEWSPAPER,A TREE FELL AND BLOCKED A ROADWAY ON 240TH ROAD NORTHEAST OF PLEASANT HOPE. TIME ESTIMATED FROM RADAR.,MOC167,Polk,
201906211909,2019/06/21 19:09,38.55,-95.25,None,TOP,D,TSTM WND DMG,5 NNE PRINCETON,FRANKLIN,KS,TRAINED SPOTTER,DELAYED REPORT OF 15-20 POWER POLES SNAPPED ALONG ROCK CREEK ROAD.,KSC059,Franklin,
201906211910,2019/06/21 19:10,39.73,-90.23,1.11,ILX,R,HEAVY RAIN,JACKSONVILLE,MORGAN,IL,CO-OP OBSERVER,RAINFALL SINCE 0700,ILC137,Morgan,M
201906211910,2019/06/21 19:10,37.24,-93.39,39.0,SGF,G,TSTM WND GST,5 SSE WILLARD,GREENE,MO,ASOS,ASOS MEASURED 34KT WINDS. AT NWS OFFICE RSOIS REPORTED 40 MPH WIND GUST.,MOC077,Greene,M
201906211910,2019/06/21 19:10,37.24,-93.39,40.0,SGF,G,TSTM WND GST,5 SSE WILLARD,GREENE,MO,ASOS,CORRECTS PREVIOUS TSTM WND GST REPORT FROM 5 SSE WILLARD. ASOS MEASURED 35KT WINDS.,MOC077,Greene,M
201906211915,2019/06/21 19:15,38.29,-88.94,60.0,PAH,G,TSTM WND GST,3 SW MOUNT VERNON,JEFFERSON,IL,TRAINED SPOTTER,POWER OUTAGE.,ILC081,Jefferson,E
201906211921,2019/06/21 19:21,37.65,-91.54,None,SGF,D,TSTM WND DMG,SALEM,DENT,MO,PUBLIC,SEVERAL REPORTS OF LIMBS AND OBJECTS DOWN IN/AROUND SALEM. REPORTS VIA SOCIAL MEDIA. TIME ESTIMATED BY RADAR.,MOC065,Dent,
201906211922,2019/06/21 19:22,37.14,-93.24,None,SGF,O,NON-TSTM WND DMG,GALLOWAY,GREENE,MO,PUBLIC,LARGE LIMB DOWN NEAR LONE PINE-REPUBLIC RD. OCCURRED WITH OUTFLOW BOUNDARY WELL SOUTH OF EXISTING STORMS.,MOC077,Greene,
201906211923,2019/06/21 19:23,48.54,-109.55,0.6,TFX,R,HEAVY RAIN,6 E HAVRE,HILL,MT,PUBLIC,RAIN TOTAL SO FAR. STILL RAINING.,MTC041,Hill,M
201906211929,2019/06/21 19:29,37.24,-93.39,40.0,SGF,G,TSTM WND GST,5 SSE WILLARD,GREENE,MO,ASOS,CORRECTS PREVIOUS TSTM WND GST REPORT FROM 5 SSE WILLARD TIME. ASOS MEASURED 35KT WINDS.,MOC077,Greene,M
201906211929,2019/06/21 19:29,37.23,-93.38,40.0,SGF,G,TSTM WND GST,6 SSE WILLARD,GREENE,MO,ASOS,ASOS STATION KSGF SPRINGFIELD ASOS.,MOC077,Greene,M
201906211931,2019/06/21 19:31,38.77,-90.43,0.25,LSX,H,HAIL,BRIDGETON,ST. LOUIS,MO,TRAINED SPOTTER,,MOC189,St. Louis,E
201906211940,2019/06/21 19:40,37.27,-93.12,1.0,SGF,H,HAIL,STRAFFORD,GREENE,MO,EMERGENCY MNGR,CORRECTS PREVIOUS HAIL REPORT FROM STRAFFORD FOR TIME. STRAFFORD IS REPORTING HEAVY_ CONSISTENT QUARTER SIZED HAIL. TIME BASED ON RADAR.,MOC077,Greene,M
201906211941,2019/06/21 19:41,37.32,-92.97,0.7,SGF,H,HAIL,2 NNE NORTHVIEW,WEBSTER,MO,NWS EMPLOYEE,UNDER DIME SIZE HAIL OF 0.5 INCHL.,MOC225,Webster,M
201906211944,2019/06/21 19:44,47.80,-107.02,54.0,GGW,N,NON-TSTM WND GST,14 NNW HELL CREEK REC A,VALLEY,MT,MESONET,MESONET STATION KIGM8 IN KING COULEE ALONG FT. PECK RSVR.,MTC105,Valley,M
201906211944,2019/06/21 19:44,38.25,-88.51,59.0,PAH,G,TSTM WND GST,3 NE BELLE PRAIRIE CITY,HAMILTON,IL,MESONET,,ILC065,Hamilton,M
201906211945,2019/06/21 19:45,37.27,-93.12,1.0,SGF,H,HAIL,STRAFFORD,GREENE,MO,EMERGENCY MNGR,STRAFFORD IS REPORTING HEAVY_ CONSISTENT QUARTER SIZED HAIL. TIME BASED ON RADAR.,MOC077,Greene,M
201906212000,2019/06/21 20:00,47.96,-108.31,53.0,GGW,N,NON-TSTM WND GST,11 ENE ZORTMAN,PHILLIPS,MT,MESONET,MESONET STATION MTMAL MALTA 35S.,MTC071,Phillips,M
201906212025,2019/06/21 20:25,36.73,-91.85,None,SGF,D,TSTM WND DMG,WEST PLAINS,HOWELL,MO,EMERGENCY MNGR,POWER LINES DOWN IN WEST PLAINS. WEST PLAINS ASOS REPORTED AT 3:19 PM 41 MPH GUST. TIME ESTIMATED.,MOC091,Howell,
201906212043,2019/06/21 20:43,37.05,-91.06,None,PAH,D,TSTM WND DMG,4 NW VAN BUREN,CARTER,MO,EMERGENCY MNGR,*** 1 FATAL_ 2 INJ *** TREE FELL ON BOAT ON THE CURRENT RIVER IN THE VICINITY OF THE WAYMEYER SHUTE NATIONAL PARK SERVICE RIVER ACCESS. DRIVER OF THE BOAT WAS KILLED AND TWO PASSENGERS SERIOUSLY INJU,MOC035,Carter,
201906212044,2019/06/21 20:44,47.80,-107.02,67.0,GGW,N,NON-TSTM WND GST,14 NNW HELL CREEK REC A,VALLEY,MT,MESONET,MESONET STATION KIGM8 KING COULEE.,MTC105,Valley,M
201906212045,2019/06/21 20:45,37.07,-91.05,None,PAH,D,TSTM WND DMG,4 NNW VAN BUREN,CARTER,MO,EMERGENCY MNGR,LARGE LIMBS DOWN ON NORTH END OF M HIGHWAY.,MOC035,Carter,
201906212050,2019/06/21 20:50,38.36,-87.57,None,PAH,D,TSTM WND DMG,PRINCETON,GIBSON,IN,TRAINED SPOTTER,POWER LINES DOWN. FLAG POLES BENT. TREE LIMBS BROKEN.,INC051,Gibson,
201906212050,2019/06/21 20:50,36.91,-92.81,None,SGF,D,TSTM WND DMG,GOODHOPE,DOUGLAS,MO,AMATEUR RADIO,TREE AND LIMBS DOWN IN THE GOODHOPE AREA.,MOC067,Douglas,
201906212100,2019/06/21 21:00,47.96,-108.31,60.0,GGW,N,NON-TSTM WND GST,11 ENE ZORTMAN,PHILLIPS,MT,MESONET,MEASURED AT MALTA SOUTH 191 MDT SITE MTMAL,MTC071,Phillips,M
201906212102,2019/06/21 21:02,37.22,-91.42,None,SGF,D,TSTM WND DMG,4 S ROUND SPRING,SHANNON,MO,CO-OP OBSERVER,MULTIPLE LARGE TREE LIMBS DOWNED NORTH OF EMINENCE ALONG HWY D AND HWY 19. DELAYED REPORT. TIME ESTIMATED BY RADAR.,MOC203,Shannon,
201906212105,2019/06/21 21:05,37.50,-90.01,None,PAH,D,TSTM WND DMG,PATTON,BOLLINGER,MO,BROADCAST MEDIA,POWERLINES DOWN. BROADCAST MEDIA RELAYED.,MOC017,Bollinger,
201906212106,2019/06/21 21:06,39.22,-104.64,61.0,BOU,G,TSTM WND GST,6 W ELBERT,ELBERT,CO,ASOS,MONUMENT HILL ASOS.,COC039,Elbert,M
201906212106,2019/06/21 21:06,37.45,-90.03,None,PAH,D,TSTM WND DMG,4 SSW PATTON,BOLLINGER,MO,EMERGENCY MNGR,TREES SNAPPED AND DAMAGE TO THE PORCH ON A HOUSE. TIME ESTIMATED.,MOC017,Bollinger,
201906212108,2019/06/21 21:08,47.56,-107.53,58.0,GGW,N,NON-TSTM WND GST,7 SE DEVILS CREEK REC A,GARFIELD,MT,MESONET,MEASURED AT SOUTH SAWMILL RAWS SITE SSMM8,MTC033,Garfield,M
201906212110,2019/06/21 21:10,37.40,-89.92,None,PAH,D,TSTM WND DMG,7 WNW BURFORDVILLE,BOLLINGER,MO,BROADCAST MEDIA,RELAYED BY BROADCAST MEDIA. 2 TREES DOWN IN SCOPUS.,MOC017,Bollinger,
201906212110,2019/06/21 21:10,37.31,-89.97,None,PAH,D,TSTM WND DMG,MARBLE HILL,BOLLINGER,MO,EMERGENCY MNGR,NUMEROUS TREES AND POWER LINES DOWN AROUND THE COUNTY. TIME ESTIMATED.,MOC017,Bollinger,
201906212117,2019/06/21 21:17,37.39,-89.67,None,PAH,D,TSTM WND DMG,JACKSON,CAPE GIRARDEAU,MO,BROADCAST MEDIA,BRICKS STRIPPED FROM AN APARTMENT BUILDING. HEAVY TREE DAMAGE. TIME ESTIMATED.,MOC031,Cape Girardeau,
201906212120,2019/06/21 21:20,37.10,-90.43,0.75,PAH,H,HAIL,2 SSE GREENVILLE,WAYNE,MO,TRAINED SPOTTER,MEDIA RELAYED.,MOC223,Wayne,E
201906212125,2019/06/21 21:25,37.22,-89.74,None,PAH,D,TSTM WND DMG,1 ESE ALLENVILLE,CAPE GIRARDEAU,MO,TRAINED SPOTTER,MULTIPLE TREES AND TREE LIMBS DOWN_ SIDING PEELED OFF.,MOC031,Cape Girardeau,
201906212125,2019/06/21 21:25,37.30,-89.57,None,PAH,D,TSTM WND DMG,1 WSW CAPE GIRARDEAU,CAPE GIRARDEAU,MO,PUBLIC,60MPH WIND GUST_ BROKEN TREELIMBS AND ROOF SHINGLE DAMAGE.,MOC031,Cape Girardeau,
201906212125,2019/06/21 21:25,37.30,-89.55,None,PAH,D,TSTM WND DMG,CAPE GIRARDEAU,CAPE GIRARDEAU,MO,BROADCAST MEDIA,WINDOWS BLOWN OUT OF RESTORE HORIZON. WINDOWS ALSO BLOWN OUT OF CARS. TIME ESTIMATED.,MOC031,Cape Girardeau,
201906212129,2019/06/21 21:29,37.23,-89.58,72.0,PAH,G,TSTM WND GST,2 W SCOTT CITY,SCOTT,MO,ASOS,,MOC201,Scott,M
201906212130,2019/06/21 21:30,36.90,-90.31,None,PAH,D,TSTM WND DMG,3 SW WAPPAPELLO,BUTLER,MO,EMERGENCY MNGR,LARGE TREE BLOCKING HIGHWAY T 1 MILE SOUTH OF ROUTE KK.,MOC023,Butler,
201906212132,2019/06/21 21:32,37.75,-89.35,None,PAH,D,TSTM WND DMG,1 SSW MURPHYSBORO,JACKSON,IL,EMERGENCY MNGR,TREE DOWN NEAR S.20TH/LINDELL AVE.,ILC077,Jackson,
201906212133,2019/06/21 21:33,39.35,-104.33,1.0,BOU,H,HAIL,7 E KIOWA,ELBERT,CO,TRAINED SPOTTER,,COC039,Elbert,E
201906212133,2019/06/21 21:33,36.77,-90.33,59.0,PAH,G,TSTM WND GST,4 E POPLAR BLUFF,BUTLER,MO,ASOS,,MOC023,Butler,M
201906212136,2019/06/21 21:36,39.27,-104.31,1.75,BOU,H,HAIL,8 ENE FONDIS,ELBERT,CO,TRAINED SPOTTER,,COC039,Elbert,M
201906212140,2019/06/21 21:40,39.26,-104.15,1.2,BOU,H,HAIL,9 NNW SIMLA,ELBERT,CO,TRAINED SPOTTER,,COC039,Elbert,M
201906212140,2019/06/21 21:40,37.62,-89.21,None,PAH,D,TSTM WND DMG,2 E MAKANDA,JACKSON,IL,EMERGENCY MNGR,TWO TREES COVERING ROCKY COMFORT ROAD. TIME ESTIAMTED.,ILC077,Jackson,
201906212140,2019/06/21 21:40,37.20,-89.69,None,PAH,D,TSTM WND DMG,2 NW CHAFFEE,CAPE GIRARDEAU,MO,PUBLIC,HOME WITH SIGNIFICANT SHINGLE DAMAGE.,MOC031,Cape Girardeau,
201906212140,2019/06/21 21:40,37.73,-89.22,None,PAH,D,TSTM WND DMG,CARBONDALE,JACKSON,IL,EMERGENCY MNGR,LARGE TREE BRANCH ON HOUSE. TREE LIMBS DOWN AROUND THE AREA AS WELL. TIME ESTIMATED.,ILC077,Jackson,
201906212140,2019/06/21 21:40,37.74,-87.70,None,PAH,D,TSTM WND DMG,CORYDON,HENDERSON,KY,FIRE DEPT/RESCUE,TREE DOWN ON HIGHWAY 145.,KYC101,Henderson,
201906212141,2019/06/21 21:41,39.26,-104.15,1.3,BOU,H,HAIL,9 NNW SIMLA,ELBERT,CO,TRAINED SPOTTER,,COC039,Elbert,M
201906212145,2019/06/21 21:45,36.80,-90.08,48.0,PAH,G,TSTM WND GST,1 NE DUDLEY,STODDARD,MO,TRAINED SPOTTER,,MOC207,Stoddard,M
201906212145,2019/06/21 21:45,33.30,-96.98,97.0,FWD,I,EXCESSIVE HEAT,AUBREY,DENTON,TX,BROADCAST MEDIA,***1 FATALITY*** A 4 YEAR OLD CHILD WAS FOUND INSIDE A CAR IN AUBREY ON FRIDAY BEFORE PASSING AWAY SATURDAY MORNING. TEMPERATURE WAS 97 DEGREES WITH A HEAT INDEX OF 107 DEGREES.,TXC121,Denton,M
201906212145,2019/06/21 21:45,37.25,-89.19,None,PAH,D,TSTM WND DMG,2 S ULLIN,PULASKI,IL,BROADCAST MEDIA,*** 1 FATAL *** ONE PERSON WAS KILLED WHEN A TREE FELL ONTO A CAR ON OLD HIGHWAY 51.,ILC153,Pulaski,
201906212145,2019/06/21 21:45,37.78,-89.32,None,PAH,F,FLASH FLOOD,1 NE MURPHYSBORO,JACKSON,IL,EMERGENCY MNGR,ROAD FLOODING ON 149E.,ILC077,Jackson,
201906212146,2019/06/21 21:46,37.11,-89.20,None,PAH,D,TSTM WND DMG,MOUNDS,PULASKI,IL,EMERGENCY MNGR,*** 1 INJ *** ONE PERSON WAS SERIOUSLY INJURED WHEN A TREE FELL THEM IN A PARK IN MOUNDS. REPORT RELAYED BY PULASKI COUNTY EM.,ILC153,Pulaski,
201906212149,2019/06/21 21:49,36.76,-90.39,None,PAH,D,TSTM WND DMG,POPLAR BLUFF,BUTLER,MO,PUBLIC,LARGE TREE SNAPPED. PHOTO RELAYED VIA TWITTER. TIME ESTIMATED.,MOC023,Butler,
201906212150,2019/06/21 21:50,37.76,-89.07,None,PAH,D,TSTM WND DMG,1 E CARTERVILLE,WILLIAMSON,IL,TRAINED SPOTTER,TREES DOWN ALONG GRAND AVE.,ILC199,Williamson,
201906212150,2019/06/21 21:50,37.80,-89.03,None,PAH,D,TSTM WND DMG,HERRIN,WILLIAMSON,IL,TRAINED SPOTTER,POWER OUTAGES_ TREES SNAPPED.,ILC199,Williamson,
201906212151,2019/06/21 21:51,39.14,-104.10,1.75,BOU,H,HAIL,1 W SIMLA,ELBERT,CO,BROADCAST MEDIA,,COC039,Elbert,M
201906212154,2019/06/21 21:54,37.81,-89.03,None,PAH,D,TSTM WND DMG,HERRIN,WILLIAMSON,IL,BROADCAST MEDIA,TREE ON A HOME. TIME ESTIMATED.,ILC199,Williamson,
201906212155,2019/06/21 21:55,39.11,-104.04,1.8,BOU,H,HAIL,3 SE SIMLA,ELBERT,CO,TRAINED SPOTTER,,COC039,Elbert,M
201906212155,2019/06/21 21:55,36.93,-89.34,None,PAH,D,TSTM WND DMG,1 NNW CHARLESTON,MISSISSIPPI,MO,TRAINED SPOTTER,TREE LIMBS DOWN. 55-60MPH ESTIMATE.,MOC133,Mississippi,
201906212156,2019/06/21 21:56,38.28,-86.97,None,LMK,D,TSTM WND DMG,1 SW HUNTINGBURG,DUBOIS,IN,EMERGENCY MNGR,EM REPORTS TREE DOWN ACROSS OLD SR 64 NEAR HUNTINGBURG. ALSO HAD REPORT OF TREE DOWN ACROSS DIVISION ROAD WEST OF JASPER. TIME ESTIMATED BASED ON RADAR.,INC037,Dubois,
201906212158,2019/06/21 21:58,37.06,-88.96,1.0,PAH,H,HAIL,2 SSE LA CENTER,BALLARD,KY,PUBLIC,TIME ESTIMATED.,KYC007,Ballard,E
201906212158,2019/06/21 21:58,37.05,-89.05,3.0,PAH,H,HAIL,BARLOW,BALLARD,KY,PUBLIC,HAIL STONE MEASURED 3.4 INCHES IN DIAMETER. PHOTO RELAYED VIA TWITTER. TIME ESTIMATED.,KYC007,Ballard,M
201906212158,2019/06/21 21:58,37.42,-88.90,None,PAH,D,TSTM WND DMG,VIENNA,JOHNSON,IL,LAW ENFORCEMENT,NUMEROUS TREES DOWN AROUND THE COUNTY. ROADS BLOCKED BY FALLEN TREES. AT LEAST ONE POWER POLE KNOCKED DOWN. TIME ESTIMATED.,ILC087,Johnson,
201906212159,2019/06/21 21:59,39.16,-104.08,2.0,BOU,H,HAIL,1 N SIMLA,ELBERT,CO,TRAINED SPOTTER,,COC039,Elbert,M
201906212203,2019/06/21 22:03,39.21,-103.97,2.75,BOU,H,HAIL,3 N MATHESON,ELBERT,CO,TRAINED SPOTTER,,COC039,Elbert,M
201906212203,2019/06/21 22:03,37.73,-88.80,60.0,PAH,G,TSTM WND GST,4 SE PITTSBURG,WILLIAMSON,IL,PUBLIC,TIME ESTIMATED.,ILC199,Williamson,E
201906212203,2019/06/21 22:03,37.62,-88.83,70.0,PAH,G,TSTM WND GST,CREAL SPRINGS,WILLIAMSON,IL,PUBLIC,TIME ESTIMATED.,ILC199,Williamson,E
201906212203,2019/06/21 22:03,37.47,-88.78,None,PAH,D,TSTM WND DMG,1 W SIMPSON,JOHNSON,IL,LAW ENFORCEMENT,SEVERAL OAK TREES OF 3 TO 4 FEET IN DIAMETER BLOWN DOWN. TIME ESTIMATED.,ILC087,Johnson,
201906212204,2019/06/21 22:04,39.20,-103.89,1.75,BOU,H,HAIL,5 ENE MATHESON,ELBERT,CO,TRAINED SPOTTER,,COC039,Elbert,M
201906212207,2019/06/21 22:07,39.20,-103.83,0.7,BOU,H,HAIL,8 ENE MATHESON,ELBERT,CO,TRAINED SPOTTER,ACTUALLY 0.5 INCH BUT NO OPTION.,COC039,Elbert,M
201906212210,2019/06/21 22:10,37.05,-88.96,1.0,PAH,H,HAIL,2 SSE LA CENTER,BALLARD,KY,TRAINED SPOTTER,PHOTO RELAYED VIA TWITTER.,KYC007,Ballard,E
201906212210,2019/06/21 22:10,37.73,-88.93,75.0,PAH,G,TSTM WND GST,1 E MARION,WILLIAMSON,IL,PUBLIC,,ILC199,Williamson,E
201906212210,2019/06/21 22:10,37.09,-88.89,None,PAH,D,TSTM WND DMG,KEVIL,BALLARD,KY,PUBLIC,LARGE LIMBS DOWN. TREES UPROOTED.,KYC007,Ballard,
201906212215,2019/06/21 22:15,36.97,-89.09,1.0,PAH,H,HAIL,WICKLIFFE,BALLARD,KY,PUBLIC,TIME ESTIMATED.,KYC007,Ballard,E
201906212216,2019/06/21 22:16,37.07,-88.73,57.0,PAH,G,TSTM WND GST,5 W PADUCAH,MCCRACKEN,KY,ASOS,,KYC145,McCracken,M
201906212216,2019/06/21 22:16,37.06,-88.77,None,PAH,D,TSTM WND DMG,2 SSE HEATH,MCCRACKEN,KY,OTHER FEDERAL,BARKLEY REGIONAL AIRPORT TEMPORARY AIRPORT TOWER TRAILER SHIFTED OFF FOUNDATION. TIME ESTIMATED.,KYC145,McCracken,
201906212217,2019/06/21 22:17,38.21,-86.87,None,LMK,D,TSTM WND DMG,1 SSW FERDINAND,DUBOIS,IN,EMERGENCY MNGR,REPORT OF ONE LARGE TREE DOWN ADJACENT TO HOUSE NEAR E MARIAH HILL ROAD NEAR FERDINAND.,INC037,Dubois,
201906212217,2019/06/21 22:17,37.13,-88.69,None,PAH,D,TSTM WND DMG,5 NNW PADUCAH,MCCRACKEN,KY,LAW ENFORCEMENT,SEMI TRUCK OVERTURNED ON THE I-24 BRIDGE OVER THE OHIO RIVER.,KYC145,McCracken,
201906212221,2019/06/21 22:21,37.78,-87.11,60.0,PAH,G,TSTM WND GST,OWENSBORO,DAVIESS,KY,TRAINED SPOTTER,,KYC059,Daviess,E
201906212221,2019/06/21 22:21,37.10,-88.62,None,PAH,D,TSTM WND DMG,2 NNE PADUCAH,MCCRACKEN,KY,BROADCAST MEDIA,DELAYED REPORT. APPROXIMATELY 175 FEET OF THE WITHERS BROADCASTING TOWER IN PADUCAH WAS KNOCKED DOWN BY THUNDERSTORM WINDS. THE TOWER IS 400 FEET TALL.,KYC145,McCracken,
201906212222,2019/06/21 22:22,37.04,-88.67,None,PAH,D,TSTM WND DMG,LONE OAK,MCCRACKEN,KY,PUBLIC,SEVERAL TREES DOWN. TIME ESTIMATED.,KYC145,McCracken,
201906212222,2019/06/21 22:22,37.07,-88.63,None,PAH,D,TSTM WND DMG,PADUCAH,MCCRACKEN,KY,BROADCAST MEDIA,STRUCTURAL DAMAGE TO BUILDINGS IN DOWNTOWN PADUCAH. LARGE TREES DOWN ALONG BROADWAY. TIME ESTIMATED.,KYC145,McCracken,
201906212223,2019/06/21 22:23,37.78,-87.11,1.0,PAH,H,HAIL,OWENSBORO,DAVIESS,KY,TRAINED SPOTTER,,KYC059,Daviess,E
201906212223,2019/06/21 22:23,39.12,-95.84,1.53,TOP,R,HEAVY RAIN,2 NE SILVER LAKE,SHAWNEE,KS,TRAINED SPOTTER,DELAYED REPORT OF RAINFALL FROM MORNING STORMS.,KSC177,Shawnee,M
201906212223,2019/06/21 22:23,36.60,-89.53,65.0,PAH,G,TSTM WND GST,NEW MADRID,NEW MADRID,MO,EMERGENCY MNGR,ESTIMATED 60-70 MPH WIND GUSTS.,MOC143,New Madrid,E
201906212225,2019/06/21 22:25,37.39,-87.31,65.0,PAH,G,TSTM WND GST,3 SW SACRAMENTO,HOPKINS,KY,TRAINED SPOTTER,,KYC107,Hopkins,M
201906212225,2019/06/21 22:25,36.38,-90.20,None,MEG,D,TSTM WND DMG,PIGGOTT,CLAY,AR,SOCIAL MEDIA,NUMEROUS TREES DOWN ACROSS PIGGOTT.,ARC021,Clay,
201906212230,2019/06/21 22:30,39.91,-105.12,0.25,BOU,H,HAIL,2 SE SUPERIOR,JEFFERSON,CO,TRAINED SPOTTER,,COC059,Jefferson,M
201906212230,2019/06/21 22:30,39.12,-103.69,2.0,BOU,H,HAIL,10 S LIMON,LINCOLN,CO,TRAINED SPOTTER,,COC073,Lincoln,M
201906212230,2019/06/21 22:30,37.89,-87.05,None,PAH,D,TSTM WND DMG,ROCKPORT,SPENCER,IN,TRAINED SPOTTER,TREES AND POWER LINES DOWN. TIME ESTIMATED.,INC147,Spencer,
201906212237,2019/06/21 22:37,36.23,-90.04,60.0,MEG,G,TSTM WND GST,1 SE KENNETT,DUNKLIN,MO,AWOS,60 MPH WIND GUST AT KENNETT AIRPORT.,MOC069,Dunklin,M
201906212238,2019/06/21 22:38,36.79,-89.01,None,PAH,D,TSTM WND DMG,ARLINGTON,CARLISLE,KY,PUBLIC,WIDESPREAD TREE AND POWER LINE DAMAGE.,KYC039,Carlisle,
201906212239,2019/06/21 22:39,36.69,-88.71,None,PAH,D,TSTM WND DMG,3 NNE WINGO,GRAVES,KY,PUBLIC,DAMAGE TO THE FRONT OF THE CATFISH HOUSE. WINDOWS BLOWN OUT OF CARS. TIME ESTIMATED.,KYC083,Graves,
201906212240,2019/06/21 22:40,36.42,-89.05,None,MEG,D,TSTM WND DMG,UNION CITY,OBION,TN,SOCIAL MEDIA,TREES_ POWER LINES_ AND UTILITY POLES DOWN.,TNC131,Obion,
201906212242,2019/06/21 22:42,37.00,-88.30,None,PAH,D,TSTM WND DMG,2 S GILBERTSVILLE,MARSHALL,KY,NWS STORM SURVEY,MICROBURST AT THE KENTUCKY DAM VILLAGE GOLF CLUB. PEAK WINDS 110 MPH. SNAPPED OR UPROOTED 75 TREES.,KYC157,Marshall,
201906212242,2019/06/21 22:42,36.99,-88.30,None,PAH,T,TORNADO,2 S GILBERTSVILLE,MARSHALL,KY,NWS STORM SURVEY,50 YARD WIDE TORNADO WITH PATH LENGTH OF .75 MILES. PEAK WINDS 110 MPH_ RATED EF1. SNAPPED AND UPROOTED TREES. DAMAGED 2 PIERS AT KENTUCKY DAM MARINA.,KYC157,Marshall,
201906212245,2019/06/21 22:45,32.87,-100.83,1.5,MAF,H,HAIL,10 WSW HUDD,SCURRY,TX,PUBLIC,,TXC415,Scurry,E
201906212247,2019/06/21 22:47,39.14,-103.47,60.0,BOU,G,TSTM WND GST,HUGO,LINCOLN,CO,TRAINED SPOTTER,NICKEL-SIZED HAIL; 0.22 INCH OF RAIN.,COC073,Lincoln,M
201906212247,2019/06/21 22:47,37.03,-88.24,None,PAH,D,TSTM WND DMG,2 N GRAND RIVERS,LIVINGSTON,KY,PUBLIC,AT KENTUCKY DAM MARINA MULTIPLE BOATS BROKE LOOSE FROM MOORINGS. PARTS OF THE MARINA SUFFERED WIND DAMAGE. TIME ESTIMATED.,KYC139,Livingston,
201906212249,2019/06/21 22:49,37.53,-86.97,None,LMK,D,TSTM WND DMG,2 NNW BEDA,OHIO,KY,911 CALL CENTER,REPORT OF TREE DOWN NEAR US HWY 231 N.,KYC183,Ohio,
201906212250,2019/06/21 22:50,36.34,-88.86,None,MEG,D,TSTM WND DMG,MARTIN,WEAKLEY,TN,TRAINED SPOTTER,SPOTTER REPORTED MULTIPLE TREES FALLEN IN MARTIN TN.,TNC183,Weakley,
201906212254,2019/06/21 22:54,36.86,-88.35,1.75,PAH,H,HAIL,BENTON,MARSHALL,KY,FIRE DEPT/RESCUE,PING PONG BALL TO GOLF BALL SIZE HAIL.,KYC157,Marshall,E
201906212254,2019/06/21 22:54,36.86,-88.35,70.0,PAH,G,TSTM WND GST,BENTON,MARSHALL,KY,FIRE DEPT/RESCUE,,KYC157,Marshall,E
201906212254,2019/06/21 22:54,37.76,-86.68,None,LMK,D,TSTM WND DMG,3 SE PATESVILLE,HANCOCK,KY,911 CALL CENTER,TREE DOWN ACROSS STATE ROUTE 1700. TIME ESTIMATED FROM RADAR.,KYC091,Hancock,
201906212255,2019/06/21 22:55,36.13,-90.16,None,MEG,D,TSTM WND DMG,SENATH,DUNKLIN,MO,SOCIAL MEDIA,LARGE TREE DOWN AT THE BASEBALL FIELD.,MOC069,Dunklin,
201906212255,2019/06/21 22:55,36.56,-88.81,None,PAH,D,TSTM WND DMG,1 SSW WATER VALLEY,GRAVES,KY,EMERGENCY MNGR,TREE FELL ON UNOCCUPIED HOUSE.,KYC083,Graves,
201906212255,2019/06/21 22:55,36.76,-88.30,None,PAH,D,TSTM WND DMG,HARDIN,MARSHALL,KY,TRAINED SPOTTER,SIDING BLOWN OFF A HOME.,KYC157,Marshall,
201906212300,2019/06/21 23:00,39.09,-108.12,0.25,GJT,H,HAIL,MESA 5SSE,MESA,CO,NWS EMPLOYEE,HAIL UP TO 0.5 IN DIAMETER.,COC077,Mesa,M
201906212300,2019/06/21 23:00,38.92,-104.56,0.7,PUB,H,HAIL,3 ESE FALCON,EL PASO,CO,TRAINED SPOTTER,,COC041,El Paso,M
201906212300,2019/06/21 23:00,30.89,-102.67,1.0,MAF,H,HAIL,13 E FORT STOCKTON,PECOS,TX,PUBLIC,,TXC371,Pecos,M
201906212300,2019/06/21 23:00,36.70,-88.40,50.0,PAH,G,TSTM WND GST,2 NE KIRKSEY,CALLOWAY,KY,EMERGENCY MNGR,,KYC035,Calloway,M
201906212300,2019/06/21 23:00,36.26,-89.01,None,MEG,D,TSTM WND DMG,4 N KENTON,OBION,TN,TRAINED SPOTTER,TWO LARGE OAK TREES AND SEVERAL APPLE TREES WERE DOWN OFF OF EAST UNION GROVE ROAD NORTH OF KENTON. TIME ESTIMATED OFF RADAR.,TNC131,Obion,
201906212300,2019/06/21 23:00,36.60,-88.41,None,PAH,D,TSTM WND DMG,2 ENE LYNN GROVE,CALLOWAY,KY,EMERGENCY MNGR,KY-94 AT KY-299 BLOCKED DUE TO DOWN POWER LINE. POWER POLE SNAPPED.,KYC035,Calloway,
201906212304,2019/06/21 23:04,36.65,-88.46,75.0,PAH,G,TSTM WND GST,3 SW KIRKSEY,CALLOWAY,KY,PUBLIC,ESTIMATED 70-80 MPH WINDS. CARPORT ANCHORS RIPPED FROM CONCRETE. TREES DOWN. RELAYED VIA TWITTER.,KYC035,Calloway,E
201906212307,2019/06/21 23:07,31.73,-102.35,0.88,MAF,H,HAIL,8 S ODESSA,ECTOR,TX,PUBLIC,,TXC135,Ector,E
201906212308,2019/06/21 23:08,36.59,-88.34,65.0,PAH,G,TSTM WND GST,2 SW MURRAY,CALLOWAY,KY,NWS EMPLOYEE,ESTIMATED 60-65 MPH WINDS. TREE LIMBS DOWN. REPORTED BY OFF-DUTY NWS EMPLOYEE.,KYC035,Calloway,E
201906212310,2019/06/21 23:10,36.78,-88.07,65.0,PAH,G,TSTM WND GST,3 WSW GOLDON POND,TRIGG,KY,TRAINED SPOTTER,REPORTED ON THE TRACE NEAR US 68.,KYC221,Trigg,E
201906212310,2019/06/21 23:10,30.71,-102.68,None,MAF,T,TORNADO,16 SE FORT STOCKTON,PECOS,TX,PUBLIC,,TXC371,Pecos,
201906212312,2019/06/21 23:12,31.63,-102.33,1.25,MAF,H,HAIL,3 N PLEASANT FARMS,CRANE,TX,PUBLIC,,TXC103,Crane,E
201906212313,2019/06/21 23:13,30.71,-102.68,None,MAF,T,TORNADO,16 SE FORT STOCKTON,PECOS,TX,LAW ENFORCEMENT,FUNNEL NOT FULLY CONDENSED_ BEGAN TO DISSIPATE.,TXC371,Pecos,
201906212315,2019/06/21 23:15,37.89,-87.05,2.0,PAH,R,HEAVY RAIN,ROCKPORT,SPENCER,IN,TRAINED SPOTTER,MEASURED IN 15 TO 20 MINUTES.,INC147,Spencer,E
201906212315,2019/06/21 23:15,36.28,-88.69,None,MEG,D,TSTM WND DMG,DRESDEN,WEAKLEY,TN,BROADCAST MEDIA,LARGE TREE DOWN ACROSS STATE HIGHWAY 54 SOUTH OF DRESDEN AT LIBERTY RD.,TNC183,Weakley,
201906212315,2019/06/21 23:15,36.86,-87.84,None,PAH,D,TSTM WND DMG,1 WSW CADIZ,TRIGG,KY,BROADCAST MEDIA,POWER LINE DOWN ON DEPOT STREET WITH 4 OR 5 KNOCKED DOWN ON TOP OF IT. TIME ESTIMATED.,KYC221,Trigg,
201906212315,2019/06/21 23:15,36.86,-87.83,None,PAH,D,TSTM WND DMG,CADIZ,TRIGG,KY,TRAINED SPOTTER,TREES DOWN AROUND TRIGG COUNTY. TIME ESTIMATED.,KYC221,Trigg,
201906212315,2019/06/21 23:15,36.61,-88.31,None,PAH,D,TSTM WND DMG,MURRAY,CALLOWAY,KY,EMERGENCY MNGR,POWER LINES DOWN.,KYC035,Calloway,
201906212316,2019/06/21 23:16,36.77,-88.12,60.0,PAH,G,TSTM WND GST,1 ESE AURORA,MARSHALL,KY,TRAINED SPOTTER,REPORTED NEAR THE EGGNERS FERRY BRIDGE.,KYC157,Marshall,E
201906212318,2019/06/21 23:18,36.19,-88.80,None,MEG,D,TSTM WND DMG,9 SW DRESDEN,WEAKLEY,TN,TRAINED SPOTTER,TREES DOWN ALONG HIGHWAY 45 NEAR SHARON. A BUILDING WAS ALSO DAMAGED ON MAIN ST IN THE TOWN OF SHARON.,TNC183,Weakley,
201906212320,2019/06/21 23:20,37.88,-87.05,2.0,PAH,R,HEAVY RAIN,ROCKPORT,SPENCER,IN,TRAINED SPOTTER,FELL IN 20 MINUTES.,INC147,Spencer,M
201906212320,2019/06/21 23:20,37.79,-86.35,None,LMK,D,TSTM WND DMG,GARFIELD,BRECKINRIDGE,KY,911 CALL CENTER,REPORT OF TREE FALLEN ON POWER LINES NEAR W HWY 86. POWER LINES ON THE GROUND_ AND LOCAL POWER OUTAGES.,KYC027,Breckinridge,
201906212320,2019/06/21 23:20,35.93,-89.89,None,MEG,D,TSTM WND DMG,2 E BLYTHEVILLE,MISSISSIPPI,AR,TRAINED SPOTTER,TREE UPROOTED ON NORTH HOLLYWOOD ST. DELAYED REPORT.,ARC093,Mississippi,
201906212320,2019/06/21 23:20,36.28,-88.69,None,MEG,D,TSTM WND DMG,DRESDEN,WEAKLEY,TN,BROADCAST MEDIA,REPORT OF A LARGE TREE DOWN ON HIGHWAY 89 NEAR TRAVIS CHAPEL RD. NEAR SHARON_ TN.,TNC183,Weakley,
201906212320,2019/06/21 23:20,36.86,-87.77,None,PAH,D,TSTM WND DMG,3 E CADIZ,TRIGG,KY,BROADCAST MEDIA,MULTIPLE LARGE TREES SNAPPED. TIME ESTIMATED.,KYC221,Trigg,
201906212320,2019/06/21 23:20,36.51,-88.32,None,PAH,D,TSTM WND DMG,HAZEL,CALLOWAY,KY,LAW ENFORCEMENT,MULTIPLE TREES DOWN.,KYC035,Calloway,
201906212322,2019/06/21 23:22,36.87,-87.77,None,PAH,T,TORNADO,3 E CADIZ,TRIGG,KY,NWS STORM SURVEY,THE TORNADO WAS MINOR ROOF DAMAGE TO AT LEAST EIGHT HOMES_ PRIMARILY FROM FALLING TREES. ONE HOME HAD A BROKEN WINDOW. ONE BARN WAS LEVELED. SEVERAL POWER LINES WERE DOWNED_ MAINLY FROM FALLING TREES,KYC221,Trigg,
201906212323,2019/06/21 23:23,36.04,-89.38,None,MEG,D,TSTM WND DMG,DYERSBURG,DYER,TN,TRAINED SPOTTER,TRACTOR TRAILOR BLOWN OVER ON HIGHWAY 412.,TNC045,Dyer,
201906212325,2019/06/21 23:25,30.78,-102.83,1.75,MAF,H,HAIL,8 SSE FORT STOCKTON,PECOS,TX,LAW ENFORCEMENT,,TXC371,Pecos,M
201906212325,2019/06/21 23:25,37.70,-86.14,None,LMK,D,TSTM WND DMG,VERTREES,HARDIN,KY,AMATEUR RADIO,LARGE TREE COMPLETELY BLOCKING ROAD AND ON POWER LINES. NEAR 12000 BLOCK OF HARDINSBURG ROAD IN HARDIN CO.,KYC093,Hardin,
201906212325,2019/06/21 23:25,30.76,-102.78,None,MAF,D,TSTM WND DMG,10 SE FORT STOCKTON,PECOS,TX,EMERGENCY MNGR,POWER POLE SNAPPED AT MID POINT AND POWER LINES DOWN JUST WEST OF HWY 285.,TXC371,Pecos,
201906212328,2019/06/21 23:28,30.78,-102.83,1.75,MAF,H,HAIL,8 SSE FORT STOCKTON,PECOS,TX,LAW ENFORCEMENT,,TXC371,Pecos,M
201906212330,2019/06/21 23:30,36.88,-87.74,70.0,PAH,G,TSTM WND GST,4 W GRACEY,TRIGG,KY,BROADCAST MEDIA,MEASURED AT WKDZ RADIO. TIME ESTIMATED.,KYC221,Trigg,M
201906212330,2019/06/21 23:30,36.01,-89.40,None,MEG,D,TSTM WND DMG,2 SE BRADLEYTOWN,DYER,TN,PUBLIC,ROOF PULLED OFF THE SUNRISE MOTEL IN DYERSBURG_ TN.,TNC045,Dyer,
201906212330,2019/06/21 23:30,36.48,-88.02,None,OHX,D,TSTM WND DMG,10 W DOVER,STEWART,TN,EMERGENCY MNGR,TREES AND POWERLINES DOWN ON OLD PARIS LANDING ROAD AND TOBACCO PORT ROAD.,TNC161,Stewart,
201906212330,2019/06/21 23:30,37.40,-87.76,None,PAH,F,FLASH FLOOD,1 E PROVIDENCE,WEBSTER,KY,EMERGENCY MNGR,HIGHWAY 120 AND HIGHWAY 630 HAVE WATER OVER THEM AND THEY ARE CLOSED.,KYC233,Webster,
201906212331,2019/06/21 23:31,36.32,-88.26,None,MEG,D,TSTM WND DMG,3 ENE PARIS,HENRY,TN,TRAINED SPOTTER,SPOTTER REPORT OF MULTIPLE TREES DOWN ON KYLE LN.,TNC079,Henry,
201906212331,2019/06/21 23:31,36.77,-87.65,None,PAH,T,TORNADO,5 NW HERNDON,CHRISTIAN,KY,NWS STORM SURVEY,THIS CORRECTS PREVIOUS TORNADO REPORT FROM 1.4 MILES NORTHEAST OF HERNDON. THE PATH LENGTH WAS ADJUSTED TO 7.6 MILES. THE TORNADO APPEARED TO BEGIN IN A CORNFIELD ALONG HWY 164 NORTH OF PEEDEE. IT TH,KYC047,Christian,
201906212331,2019/06/21 23:31,36.80,-87.61,None,PAH,T,TORNADO,6 N HERNDON,CHRISTIAN,KY,NWS STORM SURVEY,EF1 TORNADO APPEARED TO START ALONG PIERCE LN NEAR BOYD ROAD AND TRAVELED ALONG PIERCE LN FOR ALMOST A MILE. IT DESTROYED 3 EMPTY GRAIN BINS AND MOVED INTO A FIELD. MOST OF THE DAMAGE WAS ON THE SOUT,KYC047,Christian,
201906212332,2019/06/21 23:32,37.28,-86.85,1.0,LMK,H,HAIL,2 SE COOL SPRINGS,OHIO,KY,PUBLIC,SOCIAL MEDIA REPORT OF QUARTER SIZE HAIL IN SOUTHERN OHIO COUNTY.,KYC183,Ohio,E
201906212338,2019/06/21 23:38,30.73,-102.89,1.75,MAF,H,HAIL,11 S FORT STOCKTON,PECOS,TX,EMERGENCY MNGR,,TXC371,Pecos,M
201906212338,2019/06/21 23:38,36.75,-87.55,None,PAH,T,TORNADO,1.4 NE HERNDON,CHRISTIAN,KY,NWS STORM SURVEY,EF 1 TORNADO MOVED ALONG STRIPED BRIDGE RD SOUTH OF THE INTERSECTION OF WOOSLEY RD. TORNADO DID MAINLY SOFFIT AND ROOF DAMAGE TO 8-10 HOMES ALONG STRIPED BRIDGE RD. ONE SMALL GUEST HOUSE WAS DESTROYE,KYC047,Christian,
201906212340,2019/06/21 23:40,36.76,-87.53,None,PAH,D,TSTM WND DMG,5 NE HERNDON,CHRISTIAN,KY,EMERGENCY MNGR,TREE FELL ON HOUSE.,KYC047,Christian,
201906212340,2019/06/21 23:40,36.81,-87.61,None,PAH,D,TSTM WND DMG,6 SE GRACEY,CHRISTIAN,KY,EMERGENCY MNGR,RELAYED SPOTTER REPORT OF MAJOR TREE DAMAGE AND DEBRIS FIELD ON NEWSTEAD RD.,KYC047,Christian,
201906212340,2019/06/21 23:40,36.76,-87.48,None,PAH,D,TSTM WND DMG,7 W PEMBROKE,CHRISTIAN,KY,EMERGENCY MNGR,FIBERGLASS POLE IS DOWN. MANY TREES DOWN IN AREA.,KYC047,Christian,
201906212341,2019/06/21 23:41,36.01,-88.63,None,MEG,D,TSTM WND DMG,1 WSW TREZEVANT,CARROLL,TN,SOCIAL MEDIA,REPORT OF TREES DOWN ON ATWOOD ST. TREZEVANT_ TN 38258,TNC017,Carroll,
201906212342,2019/06/21 23:42,36.76,-87.53,None,PAH,D,TSTM WND DMG,5 NE HERNDON,CHRISTIAN,KY,EMERGENCY MNGR,TREE BLOCKING LAFAYETTE ROAD. TIME ESTIMATED.,KYC047,Christian,
201906212342,2019/06/21 23:42,36.77,-87.52,None,PAH,D,TSTM WND DMG,6 NE HERNDON,CHRISTIAN,KY,EMERGENCY MNGR,SIGNIFICANT DAMAGE TO A HOUSE ON LOCUS GROVE ROAD. TIME ESTIMATED.,KYC047,Christian,
201906212345,2019/06/21 23:45,37.29,-87.18,1.55,PAH,R,HEAVY RAIN,6 N GREENVILLE,MUHLENBERG,KY,MESONET,IT OCCURRED IN 30 MINUTES.,KYC177,Muhlenberg,M
201906212346,2019/06/21 23:46,36.67,-87.49,63.0,PAH,G,TSTM WND GST,2 WNW FORT CAMPBELL NOR,CHRISTIAN,KY,ASOS,RECORDED AT KHOP ASOS.,KYC047,Christian,M
201906212349,2019/06/21 23:49,36.09,-88.31,None,MEG,D,TSTM WND DMG,3 WSW VALE,CARROLL,TN,AMATEUR RADIO,TREES AND POWER LINES DOWN ON BARREN SPRINGS RD.,TNC017,Carroll,
201906212350,2019/06/21 23:50,36.48,-87.84,None,OHX,D,TSTM WND DMG,DOVER,STEWART,TN,EMERGENCY MNGR,TREES AND POWERLINES DOWN COUNTY WIDE.,TNC161,Stewart,
201906212350,2019/06/21 23:50,36.72,-87.46,None,PAH,D,TSTM WND DMG,4 NNW OAK GROVE,CHRISTIAN,KY,EMERGENCY MNGR,BUILDING AND ROOF DAMAGE TO WEST POWER TOOL. TIME ESTIMATED.,KYC047,Christian,
201906212350,2019/06/21 23:50,36.73,-87.49,None,PAH,D,TSTM WND DMG,6 NW OAK GROVE,CHRISTIAN,KY,TRAINED SPOTTER,TREES DOWN ALONG MILE 83 ON I-24.,KYC047,Christian,
201906212353,2019/06/21 23:53,36.32,-87.76,None,OHX,D,TSTM WND DMG,TENNESSEE RIDGE,HOUSTON,TN,911 CALL CENTER,NUMEROUS TREES DOWN IN TENNESSEE RIDGE AND A FEW DOWN IN ERIN.,TNC083,Houston,
201906212353,2019/06/21 23:53,36.77,-87.39,None,PAH,D,TSTM WND DMG,2 W PEMBROKE,CHRISTIAN,KY,EMERGENCY MNGR,TREE FELL INTO A HOUSE. TIME ESTIMATED.,KYC047,Christian,
201906212355,2019/06/21 23:55,36.06,-88.10,None,MEG,D,TSTM WND DMG,CAMDEN,BENTON,TN,EMERGENCY MNGR,MULTIPLE TREES DOWN AND POWER OUTAGES THOUGHT THE CITY OF CAMDEN AND SEVERAL SCATTERED THROUGH OUT BENTON COUNTY. PSAP IS DOWN AND ALL 911 CALLS ARE BEING ROUTED TO HUMPHREYS AND HENRY COUNTIES.,TNC005,Benton,
201906212355,2019/06/21 23:55,36.06,-88.10,None,MEG,D,TSTM WND DMG,CAMDEN,BENTON,TN,EMERGENCY MNGR,MULTIPLE TREES DOWN AND POWER OUTAGES THROUGHOUT THE CITY OF CAMDEN AND SEVERAL SCATTERED THROUGH OUT BENTON COUNTY. PSAP IS DOWN AND ALL 911 CALLS ARE BEING ROUTED TO HUMPHREYS AND HENRY COUNTIES.,TNC005,Benton,
201906212357,2019/06/21 23:57,36.70,-87.26,None,PAH,T,TORNADO,2 S TRENTON,TODD,KY,NWS STORM SURVEY,THE TORNADO STARTED ALONG HAMMACKSVILLE ROAD SOUTH OF TRENTON. PATH LENGTH WAS 2.8 MILES WITH PEAK WINDS OF 85 MPH AND MAX WIDTH OF 60 YARDS. IT TRACKED THROUGH CORNFIELDS_ WITH STRONG CONVERGENCE NO,KYC219,Todd,
201906220001,2019/06/22 00:01,36.68,-87.26,None,PAH,C,FUNNEL CLOUD,3 S TRENTON,TODD,KY,BROADCAST MEDIA,PICTURE OF FUNNEL CLOUD SOUTH OF TRENTON_ KY. TIME ESTIMATED.,KYC219,Todd,
201906220004,2019/06/22 00:04,36.01,-86.64,None,OHX,C,FUNNEL CLOUD,4 WNW LA VERGNE,DAVIDSON,TN,BROADCAST MEDIA,VIDEO SHARED TO FOX 17 SHOWED FUNNEL CLOUD IN THIS AREA. LOCATION ESTIMATED.,TNC037,Davidson,
201906220004,2019/06/22 00:04,36.56,-87.35,None,OHX,D,TSTM WND DMG,CLARKSVILLE,MONTGOMERY,TN,TRAINED SPOTTER,TREES DOWN ALONG WILMA-RUDOLPH BLVD.,TNC125,Montgomery,
201906220005,2019/06/22 00:05,36.69,-87.29,None,PAH,D,TSTM WND DMG,3 SSW TRENTON,TODD,KY,LAW ENFORCEMENT,SEVERAL TREES DOWN ALONG HIGHWAY 104_ VEHICLE STUCK BETWEEN TREES.,KYC219,Todd,
201906220007,2019/06/22 00:07,39.62,-96.41,None,TOP,C,FUNNEL CLOUD,6 S FRANKFORT,MARSHALL,KS,LAW ENFORCEMENT,,KSC117,Marshall,
201906220008,2019/06/22 00:08,36.83,-86.91,None,LMK,D,TSTM WND DMG,1 SW RUSSELLVILLE,LOGAN,KY,911 CALL CENTER,CORRECTS PREVIOUS TSTM WND DMG REPORT FROM 1 SW RUSSELLVILLE. TREES AND POWER LINES DOWN. POSSIBLE FIRE DUE TO LIGHTNING STRIKE. REPORTED NEAR 100 BLOCK OF NORTH CRESCENT LANE_ RUSSELLVILLE KY.,KYC141,Logan,
201906220008,2019/06/22 00:08,36.83,-86.91,None,LMK,D,TSTM WND DMG,1 SW RUSSELLVILLE,LOGAN,KY,911 CALL CENTER,TREES AND POWER LINES DOWN. POSSIBLE FIRE DUE TO LIGHTNING STRIKE. REPORTED AT 79 NORTH CRESCENT LANE_ RUSSELLVILLE KY.,KYC141,Logan,
201906220008,2019/06/22 00:08,35.93,-86.84,None,OHX,D,TSTM WND DMG,FRANKLIN,WILLIAMSON,TN,LAW ENFORCEMENT,TREES DOWN ACROSS THE COUNTY. CITIES OF FRANKLIN AND FAIRVIEW WERE THE HARDEST HIT AREAS.,TNC187,Williamson,
201906220008,2019/06/22 00:08,35.25,-87.34,None,OHX,D,TSTM WND DMG,LAWRENCEBURG,LAWRENCE,TN,LAW ENFORCEMENT,TREES DOWN ACROSS LAWRENCEBURG,TNC099,Lawrence,
201906220009,2019/06/22 00:09,36.31,-87.37,None,OHX,D,TSTM WND DMG,16 N DICKSON,DICKSON,TN,PUBLIC,NUMEROUS TREES DOWN AROUND 6388 HIGHWAY 48 NORTH,TNC043,Dickson,
201906220009,2019/06/22 00:09,36.09,-87.77,None,OHX,D,TSTM WND DMG,1 E WAVERLY,HUMPHREYS,TN,SOCIAL MEDIA,PHOTO OF TREE OVER ROAD IN WAVERLY.,TNC085,Humphreys,
201906220015,2019/06/22 00:15,36.47,-86.98,None,OHX,C,FUNNEL CLOUD,6 WSW SPRINGFIELD,ROBERTSON,TN,PUBLIC,FUNNEL CLOUD FILMED FOR 5 MINUTES. NO APPARENT TOUCHDOWN OR DAMAGE. LOCATION ESTIMATED.,TNC147,Robertson,
201906220019,2019/06/22 00:19,36.18,-87.35,None,OHX,D,TSTM WND DMG,CHARLOTTE,DICKSON,TN,SOCIAL MEDIA,PHOTO OF TREE ACROSS BREEDEN RD. OFF HWY 49.,TNC043,Dickson,
201906220021,2019/06/22 00:21,39.08,-108.58,0.25,GJT,H,HAIL,1 WSW GRAND JUNCTION,MESA,CO,COCORAHS,,COC077,Mesa,E
201906220027,2019/06/22 00:27,37.16,-86.67,1.17,LMK,R,HEAVY RAIN,2 WSW WOODBURY,BUTLER,KY,MESONET,KY MESONET REPORTS 1.17 INCHES AT BUTLER COUNTY SITE IN LAST 15 MINUTES.,KYC031,Butler,M
201906220027,2019/06/22 00:27,36.39,-87.06,None,OHX,D,TSTM WND DMG,8 N ASHLAND CITY,CHEATHAM,TN,SOCIAL MEDIA,PHOTO OF POWER POLE LEANING OVER HWY 49 NEAR SWEETHOME RD.,TNC021,Cheatham,
201906220028,2019/06/22 00:28,36.81,-86.53,None,LMK,D,TSTM WND DMG,2 S WOODBURN,SIMPSON,KY,911 CALL CENTER,CORRECTS PREVIOUS TSTM WND DMG REPORT FROM 2 S WOODBURN. TREE DOWN. BLOCKING ENTIRE ROAD. REPORTED IN 3000 BLOCK OF SPORTSMAN LAKE ROAD WOODBURN_ KY.,KYC213,Simpson,
201906220028,2019/06/22 00:28,36.81,-86.53,None,LMK,D,TSTM WND DMG,2 S WOODBURN,SIMPSON,KY,911 CALL CENTER,TREE DOWN. BLOCKING ENTIRE ROAD. REPORTED AT 3172 SPORTSMAN LAKE ROAD WOODBURN_ KY.,KYC213,Simpson,
201906220029,2019/06/22 00:29,39.02,-104.77,0.88,PUB,H,HAIL,4 W BLACK FOREST,EL PASO,CO,COCORAHS,,COC041,El Paso,M
201906220029,2019/06/22 00:29,36.07,-87.36,None,OHX,D,TSTM WND DMG,1 SE DICKSON,DICKSON,TN,SOCIAL MEDIA,POWER LINE SNAPPED ON OLD COLUMBIA RD. NEAR HWY 70,TNC043,Dickson,
201906220030,2019/06/22 00:30,39.07,-108.50,0.25,GJT,H,HAIL,2 SW FRUITVALE,MESA,CO,COCORAHS,LARGEST 0.375 INCHES.,COC077,Mesa,M
201906220030,2019/06/22 00:30,36.83,-86.38,None,LMK,D,TSTM WND DMG,1 WSW BOYCE,WARREN,KY,PUBLIC,CORRECTS PREVIOUS TSTM WND DMG REPORT FROM 1 WSW BOYCE. UNKNOWN CAUSE. REPORT FROM PUBLIC WHO HEARD ABOUT THE INCIDENT ON POLICE SCANNER TO EMS. REPORTED IN 10000 BLOCK OF WOODBURN ALLEN SPRINGS RD_ ,KYC227,Warren,
201906220030,2019/06/22 00:30,36.83,-86.38,None,LMK,D,TSTM WND DMG,1 WSW BOYCE,WARREN,KY,PUBLIC,UNKNOWN CAUSE. REPORT FROM PUBLIC WHO HEARD ABOUT THE INCIDENT ON POLICE SCANNER TO EMS. REPORTED AT 10551 WOODBURN ALLEN SPRINGS RD_ ALVATON_ KY 42122.,KYC227,Warren,
201906220030,2019/06/22 00:30,36.73,-86.53,None,LMK,D,TSTM WND DMG,3 E FRANKLIN,SIMPSON,KY,911 CALL CENTER,CORRECTS PREVIOUS TSTM WND DMG REPORT FROM 3 E FRANKLIN. TREE DOWN ON ROAD. REPORTED IN 100 BLOCK OF ROARK ROAD FRANKLIN.,KYC213,Simpson,
201906220030,2019/06/22 00:30,36.73,-86.53,None,LMK,D,TSTM WND DMG,3 E FRANKLIN,SIMPSON,KY,911 CALL CENTER,TREE DOWN ON ROAD. REPORTED AT 106 ROARK ROAD FRANKLIN.,KYC213,Simpson,
201906220030,2019/06/22 00:30,37.24,-86.18,None,LMK,D,TSTM WND DMG,5 WNW MAMMOTH CAVE,EDMONSON,KY,911 CALL CENTER,REPORT OF TREE DOWN ACROSS OLLIE RIDGE ROAD. TIME ESTIMATED FROM RADAR.,KYC061,Edmonson,
201906220032,2019/06/22 00:32,36.85,-86.45,None,LMK,D,TSTM WND DMG,3 SW PLANO,WARREN,KY,PUBLIC,TREE DOWN. SOCIAL MEDIA REPORT. REPORTED AT OLD UNION CHURCH ROAD KENTUCKY 42104.,KYC227,Warren,
201906220035,2019/06/22 00:35,36.68,-86.61,51.0,LMK,G,TSTM WND GST,3 ENE PROVIDENCE,SIMPSON,KY,MESONET,MEASURED AT THE SIMPSON COUNTY KENTUCKY MESONET STATION.,KYC213,Simpson,M
201906220035,2019/06/22 00:35,36.80,-86.48,None,LMK,T,TORNADO,4 NNW GOLD CITY,SIMPSON,KY,NWS STORM SURVEY,BRIEF EF1 TORNADO TOUCHED DOWN NEAR I-65. THE SURVEY CREW FOUND A MIXTURE OF STRAIGHT LINE WINDS AND A SMALL AREA OF A TORNADO EMBEDDED WITHIN. THE TORNADO HIT THE SALEM ROAD AREA HARD WITH EXTENSIVE,KYC213,Simpson,
201906220035,2019/06/22 00:35,35.65,-88.39,None,MEG,D,TSTM WND DMG,LEXINGTON,HENDERSON,TN,EMERGENCY MNGR,SEVERAL TREES DOWN ACROSS HENDERSON COUNTY.,TNC077,Henderson,
201906220036,2019/06/22 00:36,35.75,-87.80,None,OHX,D,TSTM WND DMG,LOBELVILLE,PERRY,TN,911 CALL CENTER,WIDESPREAD TREE DAMAGE AND POWER OUTAGES. TREE FELL ON A HOUSE IN LOBELVILLE.,TNC135,Perry,
201906220036,2019/06/22 00:36,37.66,-89.01,None,PAH,F,FLASH FLOOD,6 SW MARION,WILLIAMSON,IL,MESONET,2.22 INCHES OF RAIN FELL IN TWO HOURS. SIGNIFICANT CREEK FLOODING.,ILC199,Williamson,
201906220038,2019/06/22 00:38,36.80,-86.48,None,LMK,D,TSTM WND DMG,4 NNW GOLD CITY,SIMPSON,KY,BROADCAST MEDIA,SOCIAL MEDIA REPORT OF ROOF BLOWN OFF A HOME ON BLACKJACK RD IN NE SIMPSON COUNTY. LOCATED NEAR WHITESIDE FORD RD. TIME ESTIMATED FROM RADAR.,KYC213,Simpson,
201906220038,2019/06/22 00:38,36.75,-86.45,None,LMK,D,TSTM WND DMG,GOLD CITY,SIMPSON,KY,BROADCAST MEDIA,VIEWER REPORTS NUMEROUS TREES DOWN ALONG CRAFT ROAD AND BARN SCHOOL ROAD.,KYC213,Simpson,
201906220039,2019/06/22 00:39,36.77,-86.39,None,LMK,T,TORNADO,1 NNW MT. ARIEAL,ALLEN,KY,NWS STORM SURVEY,ANOTHER EF1 TORNADO EMBEDDED WITHIN A WIDESPREAD SWATH OF STRAIGHT LINE WIND DAMAGE. THIS ONE WAS ON THE GROUND LONGER_ 4.6 MILES AND HAD A PEAK WIND OF 95 MPH AND WIDTH OF 125 YARDS. THE TORNADO TOU,KYC003,Allen,
201906220041,2019/06/22 00:41,40.49,-107.25,2.04,GJT,R,HEAVY RAIN,HAYDEN,ROUTT,CO,CO-OP OBSERVER,CO-OP OBSERVER STATION HAYC2 HAYDEN.,COC107,Routt,M
201906220042,2019/06/22 00:42,36.50,-86.88,80.0,OHX,G,TSTM WND GST,SPRINGFIELD,ROBERTSON,TN,TRAINED SPOTTER,ESTIMATED 80 MPH WIND GUST IN SPRINGFIELD,TNC147,Robertson,E
201906220043,2019/06/22 00:43,36.72,-86.52,None,LMK,D,TSTM WND DMG,3 E FRANKLIN,SIMPSON,KY,EMERGENCY MNGR,TREE DOWN ON GOLD CITY ROAD NEAR ROARK ROAD IN SIMPSON COUNTY.,KYC213,Simpson,
201906220043,2019/06/22 00:43,35.98,-87.12,None,OHX,D,TSTM WND DMG,FAIRVIEW,WILLIAMSON,TN,AMATEUR RADIO,TREE DOWN ON HOUSE AT INTERSECTION OF FAIRLAWN RD AND BRUSH CREEK RD.,TNC187,Williamson,
201906220044,2019/06/22 00:44,36.50,-86.88,1.0,OHX,H,HAIL,SPRINGFIELD,ROBERTSON,TN,TRAINED SPOTTER,1 INCH HAIL IN SPRINGFIELD,TNC147,Robertson,E
201906220044,2019/06/22 00:44,35.79,-87.45,None,OHX,D,TSTM WND DMG,CENTERVILLE,HICKMAN,TN,LAW ENFORCEMENT,TREES DOWN COUNTY WIDE.,TNC081,Hickman,
201906220045,2019/06/22 00:45,36.70,-86.42,None,LMK,D,TSTM WND DMG,3 NE RAPIDS,SIMPSON,KY,EMERGENCY MNGR,LARGE TREE DOWN AT SIMPSON/ALLEN COUNTY LINE ON HWY 100.,KYC213,Simpson,
201906220045,2019/06/22 00:45,36.78,-86.41,None,LMK,D,TSTM WND DMG,3 NW MT. ARIEAL,SIMPSON,KY,EMERGENCY MNGR,TREE ACROSS ROAD AT HARRIS/TEMPERANCE ROADS IN SIMPSON COUNTY.,KYC213,Simpson,
201906220046,2019/06/22 00:46,32.73,-101.45,1.0,MAF,H,HAIL,3 S GAIL,BORDEN,TX,PUBLIC,,TXC033,Borden,M
201906220048,2019/06/22 00:48,39.08,-108.44,0.25,GJT,H,HAIL,CLIFTON,MESA,CO,NWS EMPLOYEE,LARGEST HAIL 0.625 INCHES.,COC077,Mesa,M
201906220050,2019/06/22 00:50,32.77,-101.45,59.0,MAF,G,TSTM WND GST,GAIL,BORDEN,TX,MESONET,,TXC033,Borden,M
201906220050,2019/06/22 00:50,36.17,-86.78,None,OHX,D,TSTM WND DMG,NASHVILLE,DAVIDSON,TN,EMERGENCY MNGR,TREES AND POWER LINES DOWN THROUGHOUT THE COUNTY WITH SEVERAL FALLING ON HOMES. 77 POWER POLES WERE SNAPPED. OVER 48000 PEOPLE WITHOUT POWER.,TNC037,Davidson,
201906220056,2019/06/22 00:56,36.20,-86.69,None,OHX,D,TSTM WND DMG,3 NNW DONELSON,DAVIDSON,TN,NWS STORM SURVEY,A MICROBURST AFFECTED THE SUNSET VIEW AND CUMBERLAND TRACE NEIGHBORHOODS ALONG MCGAVOCK PIKE AND ADJACENT SIDE STREETS. SCATTERED TREES AND POWER LINES WERE BLOWN DOWN IN THIS AREA TOWARDS THE SOUTHE,TNC037,Davidson,
201906220056,2019/06/22 00:56,36.29,-86.60,None,OHX,D,TSTM WND DMG,HENDERSONVILLE,SUMNER,TN,NWS EMPLOYEE,TREES DOWN IN HENDERSONVILLE.,TNC165,Sumner,
201906220057,2019/06/22 00:57,36.17,-86.78,None,OHX,D,TSTM WND DMG,NASHVILLE,DAVIDSON,TN,PUBLIC,TREES AND POWERLINES DOWN WESTERN HALF OF COUNTY.,TNC037,Davidson,
201906220100,2019/06/22 01:00,39.50,-108.38,0.98,GJT,R,HEAVY RAIN,15 NW DE BEQUE,GARFIELD,CO,CO-OP OBSERVER,CO-OP OBSERVER STATION ATBC2 ALTENBERN_ DEBEQUE 15SE.,COC045,Garfield,M
201906220100,2019/06/22 01:00,36.75,-86.21,49.0,LMK,G,TSTM WND GST,1 W SCOTTSVILLE,ALLEN,KY,MESONET,RECORDED AT THE ALLEN COUNTY KENTUCKY MESONET STATION.,KYC003,Allen,M
201906220100,2019/06/22 01:00,36.78,-86.04,None,LMK,D,TSTM WND DMG,3 ENE MAYNARD,BARREN,KY,911 CALL CENTER,TREE DOWN. REPORTED AT BEWLEY TOWN RUNAWAY DRIVE KENTUCKY.,KYC009,Barren,
201906220100,2019/06/22 01:00,36.78,-86.14,None,LMK,D,TSTM WND DMG,3 WNW MAYNARD,ALLEN,KY,BROADCAST MEDIA,*** 1 FATAL *** A TREE KILLED A MAN WHEN IT FELL ON HIS TRUCK ON WASHINGTON SCHOOL ROAD.,KYC003,Allen,
201906220100,2019/06/22 01:00,36.62,-86.08,None,OHX,D,TSTM WND DMG,7 NNW LAFAYETTE,MACON,TN,NWS STORM SURVEY,AN UNUSUALLY LARGE AND INTENSE DOWNBURST MOVED SOUTHEAST ACROSS NORTHERN MACON COUNTY FROM THE KENTUCKY BORDER TO AROUND HIGHWAY 261. SCATTERED TREES WERE SNAPPED AND UPROOTED...NUMEROUS BARNS WERE D,TNC111,Macon,
201906220100,2019/06/22 01:00,36.18,-86.66,None,OHX,T,TORNADO,2 NNE DONELSON,DAVIDSON,TN,NWS STORM SURVEY,A BRIEF EF0 TORNADO TOUCHED DOWN IN STONES RIVER BEND PARK AND MOVED SOUTHEAST ACROSS THE STANDFORD ESTATES SUBDIVISION AND STONES RIVER GREENWAY BEFORE LIFTING. NUMEROUS LARGE TREES WERE SNAPPED AND,TNC037,Davidson,
201906220101,2019/06/22 01:01,36.83,-86.01,None,LMK,D,TSTM WND DMG,1 NE AUSTIN,BARREN,KY,911 CALL CENTER,CORRECTS PREVIOUS TSTM WND DMG REPORT FROM 1 NE AUSTIN. TREE DOWN. REPORTED IN 4000 BLOCK OF AUSTIN TRACEY ROAD KENTUCKY.,KYC009,Barren,
201906220101,2019/06/22 01:01,36.83,-86.01,None,LMK,D,TSTM WND DMG,1 NE AUSTIN,BARREN,KY,911 CALL CENTER,TREE DOWN. REPORTED AT 4060 AUSTIN TRACEY ROAD KENTUCKY.,KYC009,Barren,
201906220101,2019/06/22 01:01,36.19,-86.59,None,OHX,D,TSTM WND DMG,2 E HERMITAGE,DAVIDSON,TN,NWS EMPLOYEE,TREE OVER ROAD WITH POWER LINES DOWN ON TULIP GROVE RD JUST NORTH OF OLD LEBANON DIRT RD.,TNC037,Davidson,
201906220101,2019/06/22 01:01,36.23,-86.60,None,OHX,D,TSTM WND DMG,2 WSW GREEN HILL,DAVIDSON,TN,NWS EMPLOYEE,LARGE TREE OVER SAUNDERSVILLE RD. NEAR WYNTERGRACE FARM RD. BLOCKING TRAFFIC.,TNC037,Davidson,
201906220104,2019/06/22 01:04,36.94,-86.04,None,LMK,D,TSTM WND DMG,4 ENE FINNEY,BARREN,KY,911 CALL CENTER,TREE DOWN. REPORTED AT 5000-BLOCK FINNEY ROAD_ GLASGOW.,KYC009,Barren,
201906220104,2019/06/22 01:04,36.65,-86.08,None,LMK,T,TORNADO,4 SSW HOLLAND,ALLEN,KY,NWS STORM SURVEY,THE NATIONAL WEATHER SERVICE CONDUCTED A STORM DAMAGE SURVEY ACROSS SOUTHEAST ALLEN COUNTY TO ASSESS DAMAGE FROM THE STORMS ON FRIDAY EVENING_ JUNE 21. INTERSPERSED AMONGST THE STRAIGHT LINE WIND DAM,KYC003,Allen,
201906220104,2019/06/22 01:04,36.08,-86.61,None,OHX,T,TORNADO,6 NNW LA VERGNE,DAVIDSON,TN,NWS STORM SURVEY,A SMALL_ BRIEF EF0 TORNADO TOUCHED DOWN IN ANTIOCH NEAR THE INTERSECTION OF ANDERSON ROAD AND COUNTRY WAY ROAD AND MOVED SOUTHEAST BEFORE LIFTING NEAR SMITH SPRINGS PARKWAY AT MT VIEW ROAD. NUMEROUS ,TNC037,Davidson,
201906220106,2019/06/22 01:06,36.90,-85.92,None,LMK,D,TSTM WND DMG,1 N ROSEVILLE,BARREN,KY,911 CALL CENTER,CORRECTS PREVIOUS TSTM WND DMG REPORT FROM 1 N ROSEVILLE. MULTIPLE TREES DOWN ALONG ROSEVILLE ROAD. REPORTED AT ROSEVILLE ROAD KENTUCKY.,KYC009,Barren,
201906220106,2019/06/22 01:06,36.90,-85.92,None,LMK,D,TSTM WND DMG,1 N ROSEVILLE,BARREN,KY,911 CALL CENTER,MULTIPLE TREES DOWN ALONG ROSEVILLE ROAD. NO EXACT ADDRESSES PROVIDED. REPORTED AT ROSEVILLE ROAD KENTUCKY.,KYC009,Barren,
201906220106,2019/06/22 01:06,36.81,-85.94,None,LMK,D,TSTM WND DMG,2 ENE TRACY,BARREN,KY,911 CALL CENTER,TREES DOWN AT THE INTERSECTION OF THOMERSON PARK ROAD AND DESEATED CREEK ROAD.,KYC009,Barren,
201906220107,2019/06/22 01:07,36.62,-86.02,None,OHX,T,TORNADO,6 N LAFAYETTE,MACON,TN,NWS STORM SURVEY,A BRIEF EF1 TORNADO TOUCHED DOWN IN FAR NORTHERN MACON COUNTY NEAR GREEN VALLEY ROAD AND MOVED EASTWARD ACROSS OAK KNOB ROAD AND UNDERWOOD ROAD BEFORE LIFTING. HUNDREDS OF TREES WERE SNAPPED AND UPRO,TNC111,Macon,
201906220108,2019/06/22 01:08,35.93,-86.84,None,OHX,D,TSTM WND DMG,FRANKLIN,WILLIAMSON,TN,LAW ENFORCEMENT,TREES DOWN ACROSS THE COUNTY. CITIES OF FRANKLIN AND FAIRVIEW WERE THE HARDEST HIT AREAS.,TNC187,Williamson,
201906220108,2019/06/22 01:08,39.74,-96.31,None,TOP,F,FLASH FLOOD,3 NW VERMILLION,MARSHALL,KS,TRAINED SPOTTER,SPOTTER REPORTED FLOODING IN THE YARD.,KSC117,Marshall,
201906220110,2019/06/22 01:10,33.08,-101.52,68.0,LUB,G,TSTM WND GST,5 SSW GRAHAM,GARZA,TX,MESONET,,TXC169,Garza,M
201906220111,2019/06/22 01:11,32.95,-101.22,0.88,MAF,H,HAIL,6 NW FLUVANNA,BORDEN,TX,PUBLIC,,TXC033,Borden,M
201906220111,2019/06/22 01:11,32.95,-101.22,60.0,MAF,G,TSTM WND GST,6 NW FLUVANNA,BORDEN,TX,PUBLIC,,TXC033,Borden,M
201906220113,2019/06/22 01:13,38.76,-102.85,1.25,GLD,H,HAIL,3 W KIT CARSON,CHEYENNE,CO,PUBLIC,,COC017,Cheyenne,E
201906220114,2019/06/22 01:14,36.17,-86.78,None,OHX,D,TSTM WND DMG,NASHVILLE,DAVIDSON,TN,TRAINED SPOTTER,TREES DOWN ACROSS EASTERN PORTIONS OF THE COUNTY,TNC037,Davidson,
201906220115,2019/06/22 01:15,38.76,-102.80,0.88,GLD,H,HAIL,KIT CARSON,CHEYENNE,CO,PUBLIC,,COC017,Cheyenne,E
201906220115,2019/06/22 01:15,36.98,-85.63,None,LMK,D,TSTM WND DMG,1 WNW EDMONTON,METCALFE,KY,911 CALL CENTER,TREES DOWN AT INTERSECTION OF WEST STOCKTON STREET AND LOVE STREET.,KYC169,Metcalfe,
201906220115,2019/06/22 01:15,36.91,-85.65,None,LMK,D,TSTM WND DMG,3 NNW BEAUMONT,METCALFE,KY,911 CALL CENTER,TREES DOWN AT 6000 BLOCK OF TOMPKINSVILLE ROAD.,KYC169,Metcalfe,
201906220115,2019/06/22 01:15,36.05,-86.48,None,OHX,C,FUNNEL CLOUD,5 SSE RURAL HILL,RUTHERFORD,TN,SOCIAL MEDIA,FACEBOOK VIDEO SHOWED FUNNEL CLOUD IN THIS AREA. LOCATION ESTIMATED.,TNC149,Rutherford,
201906220115,2019/06/22 01:15,35.55,-87.56,None,OHX,D,TSTM WND DMG,HOHENWALD,LEWIS,TN,911 CALL CENTER,TREES DOWN AND POWER OUT_ ESPECIALLY ON HWY 20.,TNC101,Lewis,
201906220116,2019/06/22 01:16,33.05,-101.17,1.25,LUB,H,HAIL,2 ENE JUSTICEBURG,GARZA,TX,TRAINED SPOTTER,,TXC169,Garza,E
201906220116,2019/06/22 01:16,33.05,-101.17,1.75,LUB,H,HAIL,2 ENE JUSTICEBURG,GARZA,TX,TRAINED SPOTTER,,TXC169,Garza,E
201906220117,2019/06/22 01:17,36.52,-86.03,None,OHX,D,TSTM WND DMG,LAFAYETTE,MACON,TN,LAW ENFORCEMENT,TREES DOWN COUNTY WIDE. DAMAGE TO BARNS AND HOUSES ACROSS THE COUNTY. *POSSIBLE* TORNADO ACROSS NORTHERN PORTION OF COUNTY.,TNC111,Macon,
201906220120,2019/06/22 01:20,38.76,-102.65,1.0,GLD,H,HAIL,7 WSW FIRSTVIEW,CHEYENNE,CO,PUBLIC,PICTURE SHARED ON TWITTER. TIME ESTIMATED BY RADAR.,COC017,Cheyenne,E
201906220120,2019/06/22 01:20,38.76,-102.80,1.0,GLD,H,HAIL,KIT CARSON,CHEYENNE,CO,PUBLIC,,COC017,Cheyenne,E
201906220120,2019/06/22 01:20,38.76,-102.80,60.0,GLD,G,TSTM WND GST,KIT CARSON,CHEYENNE,CO,PUBLIC,,COC017,Cheyenne,E
201906220120,2019/06/22 01:20,35.44,-87.76,None,OHX,D,TSTM WND DMG,8 N WAYNESBORO,WAYNE,TN,911 CALL CENTER,TREES AND POWER LINES DOWN ACROSS THE NORTH-CENTRAL PORTION OF WAYNE COUNTY.,TNC181,Wayne,
201906220120,2019/06/22 01:20,35.62,-87.05,None,OHX,D,TSTM WND DMG,COLUMBIA,MAURY,TN,EMERGENCY MNGR,TREES DOWN AND POWER OUTAGES COUNTY WIDE. FIRE AND SHERIFF DEPT. ASSISTING IN REMOVING TREES FROM MAIN ROADWAYS.,TNC119,Maury,
201906220122,2019/06/22 01:22,36.39,-86.16,None,OHX,D,TSTM WND DMG,HARTSVILLE,TROUSDALE,TN,LAW ENFORCEMENT,TREES AND POWER LINES DOWN COUNTY WIDE...MOST NUMEROUS ACROSS WESTERN HALF OF COUNTY.,TNC169,Trousdale,
201906220122,2019/06/22 01:22,35.96,-86.38,None,OHX,D,TSTM WND DMG,WALTERHILL,RUTHERFORD,TN,NWS EMPLOYEE,WIDESPREAD TREE DAMAGE IN WALTERHILL.,TNC149,Rutherford,
201906220124,2019/06/22 01:24,35.71,-86.70,None,OHX,D,TSTM WND DMG,3 SW EAGLEVILLE,MARSHALL,TN,SOCIAL MEDIA,PHOTO OF TREE OVER FULLER RD IN COLLEGE GROVE.,TNC117,Marshall,
201906220124,2019/06/22 01:24,35.96,-86.38,None,OHX,D,TSTM WND DMG,WALTERHILL,RUTHERFORD,TN,NWS STORM SURVEY,A LARGE AND INTENSE DOWNBURST AFFECTED NORTHERN RUTHERFORD COUNTY FROM I-840 SOUTHEASTWARD TO AROUND THE WALTERHILL AREA. DOZENS OF TREES WERE SNAPPED AND UPROOTED...POWER LINES AND POLES WERE BLOWN ,TNC149,Rutherford,
201906220125,2019/06/22 01:25,33.20,-101.37,60.0,LUB,G,TSTM WND GST,1 NE POST,GARZA,TX,MESONET,,TXC169,Garza,M
201906220128,2019/06/22 01:28,35.86,-86.42,None,OHX,D,TSTM WND DMG,2 WNW MURFREESBORO,RUTHERFORD,TN,SOCIAL MEDIA,LARGE TREES DOWN OFF MEDICAL CENTER PKWY.,TNC149,Rutherford,
201906220129,2019/06/22 01:29,36.21,-86.69,None,OHX,D,TSTM WND DMG,2 E INGLEWOOD,DAVIDSON,TN,PUBLIC,TREES DOWN AT OPRY MILLS,TNC037,Davidson,
201906220130,2019/06/22 01:30,38.78,-102.80,1.25,GLD,H,HAIL,1 N KIT CARSON,CHEYENNE,CO,PUBLIC,,COC017,Cheyenne,E
201906220130,2019/06/22 01:30,33.20,-101.37,64.0,LUB,G,TSTM WND GST,1 NE POST,GARZA,TX,MESONET,,TXC169,Garza,M
201906220130,2019/06/22 01:30,36.70,-85.69,None,LMK,D,TSTM WND DMG,TOMPKINSVILLE,MONROE,KY,911 CALL CENTER,MULTIPLE REPORTS OF TREES AND POWER LINES DOWN. TIME IS ESTIMATED BASED OFF RADAR.,KYC171,Monroe,
201906220132,2019/06/22 01:32,47.91,-108.50,52.0,GGW,N,NON-TSTM WND GST,1 ESE ZORTMAN,PHILLIPS,MT,MESONET,MEASURED AT THE ZORTMAN BLM RAWS SITE ALDM8,MTC071,Phillips,M
201906220134,2019/06/22 01:34,41.78,-98.08,1.0,OAX,H,HAIL,5 S PETERSBURG,BOONE,NE,TRAINED SPOTTER,REPORTED AT LORETO_ NE.,NEC011,Boone,E
201906220134,2019/06/22 01:34,38.81,-102.55,63.0,GLD,G,TSTM WND GST,1 SW FIRSTVIEW,CHEYENNE,CO,MESONET,,COC017,Cheyenne,M
201906220135,2019/06/22 01:35,36.81,-85.43,53.0,LMK,G,TSTM WND GST,4 WNW BURKESVILLE,CUMBERLAND,KY,MESONET,REPORTED AT THE CUMBERLAND COUNTY KENTUCKY MESONET STATION.,KYC057,Cumberland,E
201906220136,2019/06/22 01:36,35.83,-86.17,None,OHX,D,TSTM WND DMG,READYVILLE,CANNON,TN,FIRE DEPT/RESCUE,TREES DOWN ON BRADYVILLE RD AND LOCKE'S CREEK NEAR READYVILLE.,TNC015,Cannon,
201906220140,2019/06/22 01:40,37.05,-85.31,None,LMK,D,TSTM WND DMG,3 S COLUMBIA,ADAIR,KY,911 CALL CENTER,MULTIPLE REPORTS OF TREES AND POWER LINES DOWN ACROSS THE SOUTHERN HALF OF ADAIR COUNTY.,KYC001,Adair,
201906220140,2019/06/22 01:40,36.79,-85.37,None,LMK,D,TSTM WND DMG,BURKESVILLE,CUMBERLAND,KY,911 CALL CENTER,MULTIPLE TREES AND POWER LINES DOWN THROUGHOUT THE COUNTY_ MAINLY IN BURKESVILLE. REPORTED AT BURKESVILLE KENTUCKY.,KYC057,Cumberland,
201906220141,2019/06/22 01:41,35.25,-87.34,None,OHX,D,TSTM WND DMG,LAWRENCEBURG,LAWRENCE,TN,LAW ENFORCEMENT,TREES DOWN ACROSS LAWRENCEBURG,TNC099,Lawrence,
201906220142,2019/06/22 01:42,36.36,-85.65,None,OHX,D,TSTM WND DMG,GAINESBORO,JACKSON,TN,911 CALL CENTER,WIDESPREAD TREE DAMAGE AND POWER OUTAGES ACROSS JACKSON COUNTY.,TNC087,Jackson,
201906220144,2019/06/22 01:44,36.55,-85.50,None,OHX,D,TSTM WND DMG,CELINA,CLAY,TN,LAW ENFORCEMENT,TREES AND POWERLINES DOWN COUNTY WIDE. A DOWNED POWERLINE CAUSED A FIRE WHICH BURNED AN OUTDOOR GARAGE DOWN TO THE GROUND AT NEELY CREEK.,TNC027,Clay,
201906220144,2019/06/22 01:44,35.85,-86.39,None,OHX,D,TSTM WND DMG,MURFREESBORO,RUTHERFORD,TN,PUBLIC,NUMEROUS TREES DOWN COUNTY WIDE.,TNC149,Rutherford,
201906220144,2019/06/22 01:44,35.49,-86.45,None,OHX,D,TSTM WND DMG,SHELBYVILLE,BEDFORD,TN,PUBLIC,NUMEROUS TREES DOWN COUNTY WIDE.,TNC003,Bedford,
201906220145,2019/06/22 01:45,39.43,-107.11,0.25,GJT,H,HAIL,2 NNW EL JEBEL,EAGLE,CO,COCORAHS,,COC037,Eagle,E
201906220145,2019/06/22 01:45,38.82,-102.37,0.7,GLD,H,HAIL,1 W CHEYENNE WELLS,CHEYENNE,CO,PUBLIC,,COC017,Cheyenne,E
201906220145,2019/06/22 01:45,38.85,-102.17,None,GLD,D,TSTM WND DMG,ARAPAHOE,CHEYENNE,CO,PUBLIC,PARTS OF A HOUSE WAS STRIPPED TO THE CONCRETE.,COC017,Cheyenne,
201906220145,2019/06/22 01:45,36.39,-85.47,None,OHX,D,TSTM WND DMG,8 W LIVINGSTON,OVERTON,TN,TRAINED SPOTTER,NUMEROUS TREES DOWN IN AN AT LEAST 2 MILE LONG BY 0.75 MILE WIDE PATH FROM OLD UNION ROAD AT BOLES ROAD TO STANDING STONE HIGHWAY AT CAMPGROUND ROAD.,TNC133,Overton,
201906220145,2019/06/22 01:45,35.43,-87.31,None,OHX,D,TSTM WND DMG,SUMMERTOWN,LAWRENCE,TN,EMERGENCY MNGR,2 36 INCH TREES BLOWN DOWN ON A HOUSE TRAILER. POWER LINES DOWN THROUGHOUT THE COUNTY.,TNC099,Lawrence,
201906220146,2019/06/22 01:46,38.82,-102.35,1.0,GLD,H,HAIL,CHEYENNE WELLS,CHEYENNE,CO,PUBLIC,EST 60 PLUS MPH WINDS. PUBLIC SENT PICTURE OF DAMAGE TO HOUSE.,COC017,Cheyenne,E
201906220148,2019/06/22 01:48,38.69,-102.35,95.0,GLD,G,TSTM WND GST,9 S CHEYENNE WELLS,CHEYENNE,CO,STORM CHASER,MEASURED WITH A DAVIS VANTAGE VUE WHILE STATIONARY.,COC017,Cheyenne,M
201906220148,2019/06/22 01:48,43.47,-97.44,None,FSD,C,FUNNEL CLOUD,3 WSW DOLTON,HUTCHINSON,SD,TRAINED SPOTTER,,SDC067,Hutchinson,
201906220150,2019/06/22 01:50,38.80,-102.24,1.0,GLD,H,HAIL,5 SW ARAPAHOE,CHEYENNE,CO,PUBLIC,,COC017,Cheyenne,E
201906220150,2019/06/22 01:50,38.82,-102.35,1.0,GLD,H,HAIL,CHEYENNE WELLS,CHEYENNE,CO,PUBLIC,PUBLIC REPORTED 1 INCH HAIL IN DOWNTOWN CHEYENNE WELLS. DELAYED REPORT FROM LAST NIGHTS STORM. TIME ESTIMATED BASED ON RADAR AND OTHER REPORTS.,COC017,Cheyenne,E
201906220150,2019/06/22 01:50,38.70,-102.35,95.0,GLD,G,TSTM WND GST,8 S CHEYENNE WELLS,CHEYENNE,CO,STORM CHASER,,COC017,Cheyenne,E
201906220150,2019/06/22 01:50,38.82,-102.35,None,GLD,D,TSTM WND DMG,CHEYENNE WELLS,CHEYENNE,CO,PUBLIC,DELAYED REPORT FROM LAST NIGHTS STORM. PUBLIC REPORTED THUNDERSTORM WIND DAMAGE IN DOWNTOWN CHEYENNE WELLS. DAMAGE INCLUDES THE ROOF BLOWN OFF OF A HOTEL_ AN OLD GRAIN ELEVATOR BLOWN OVER_ AND SEVERA,COC017,Cheyenne,
201906220150,2019/06/22 01:50,36.51,-85.30,None,OHX,D,TSTM WND DMG,8 N LIVINGSTON,OVERTON,TN,NWS EMPLOYEE,TIN PEELED OFF BARN ON OZONE ROAD. A FEW TREES DOWN IN THE AREA.,TNC133,Overton,
201906220151,2019/06/22 01:51,38.82,-102.35,0.88,GLD,H,HAIL,CHEYENNE WELLS,CHEYENNE,CO,TRAINED SPOTTER,,COC017,Cheyenne,E
201906220151,2019/06/22 01:51,36.87,-85.23,None,LMK,D,TSTM WND DMG,2 WSW CREELSBORO,RUSSELL,KY,911 CALL CENTER,DISPATCH CENTER REPORTS TREES DOWN ACROSS POWER LINES. TIME ESTIMATED FROM RADAR.,KYC207,Russell,
201906220152,2019/06/22 01:52,36.16,-85.51,None,OHX,D,TSTM WND DMG,COOKEVILLE,PUTNAM,TN,PUBLIC,TREES AND POWERLINES DOWN COUNTY WIDE.,TNC141,Putnam,
201906220154,2019/06/22 01:54,35.96,-85.82,None,OHX,D,TSTM WND DMG,SMITHVILLE,DE KALB,TN,LAW ENFORCEMENT,TREES ABD POWERLINES DOWN COUNTY WIDE.,TNC041,De Kalb,
201906220154,2019/06/22 01:54,35.96,-85.82,None,OHX,D,TSTM WND DMG,SMITHVILLE,DE KALB,TN,LAW ENFORCEMENT,TREES AND POWERLINES DOWN COUNTY WIDE.,TNC041,De Kalb,
201906220156,2019/06/22 01:56,38.82,-102.35,0.88,GLD,H,HAIL,CHEYENNE WELLS,CHEYENNE,CO,TRAINED SPOTTER,,COC017,Cheyenne,E
201906220156,2019/06/22 01:56,38.79,-102.35,1.0,GLD,H,HAIL,2 S CHEYENNE WELLS,CHEYENNE,CO,PUBLIC,,COC017,Cheyenne,E
201906220156,2019/06/22 01:56,38.82,-102.35,62.0,GLD,G,TSTM WND GST,CHEYENNE WELLS,CHEYENNE,CO,TRAINED SPOTTER,,COC017,Cheyenne,E
201906220157,2019/06/22 01:57,36.69,-85.14,None,LMK,D,TSTM WND DMG,ALBANY,CLINTON,KY,911 CALL CENTER,TREES AND POWER LINES DOWN THROUGHOUT CLINTON COUNTY_ MAINLY NEAR ALBANY. REPORTED AT ALBANY KENTUCKY.,KYC053,Clinton,
201906220158,2019/06/22 01:58,38.17,-104.16,1.0,PUB,H,HAIL,8 SE BOONE,PUEBLO,CO,TRAINED SPOTTER,SEVERE STORM. WIND GUST MAXED OBSERVERS HOME STATION AT 60 MPH. 0.50 INCH HEAVY RAIN.,COC101,Pueblo,M
201906220200,2019/06/22 02:00,37.97,-87.53,2.4,PAH,R,HEAVY RAIN,1 SSE EVANSVILLE,VANDERBURGH,IN,TRAINED SPOTTER,STORM TOTAL RAINFALL.,INC163,Vanderburgh,M
201906220200,2019/06/22 02:00,38.80,-102.22,62.0,GLD,G,TSTM WND GST,4 SW ARAPAHOE,CHEYENNE,CO,MESONET,MESONET STATION FW2420 ARAPAHOE.,COC017,Cheyenne,M
201906220200,2019/06/22 02:00,45.88,-98.23,None,ABR,E,FLOOD,4 W HECLA,BROWN,SD,PUBLIC,WATER OVER RURAL ROADS. REPORT RELAYED VIA SOCIAL MEDIA - TIME ESTIMATED.,SDC013,Brown,
201906220202,2019/06/22 02:02,35.33,-86.53,None,HUN,D,TSTM WND DMG,6 E PETERSBURG,MOORE,TN,PUBLIC,MULTIPLE TREES DOWN AT US-231 AND 129 AND AT 127 BAGLEY HOLLOW RD.,TNC127,Moore,
201906220202,2019/06/22 02:02,36.82,-84.99,None,JKL,D,TSTM WND DMG,1 SE CABELL,WAYNE,KY,PUBLIC,TREE DOWN ON OLD SAWMILL ROAD IN CABELL OFF OF KENTUCKY HIGHWAY 1546. REPORT OBTAINED FROM SOCIAL MEDIA.,KYC231,Wayne,
201906220202,2019/06/22 02:02,36.83,-85.00,None,JKL,D,TSTM WND DMG,1 SE CABELL,WAYNE,KY,PUBLIC,TREE DOWN ON OLD SAWMILL ROAD IN CABELL OFF OF KENTUCKY HIGHWAY 1546. REPORT OBTAINED FROM SOCIAL MEDIA.,KYC231,Wayne,
201906220202,2019/06/22 02:02,36.16,-85.51,None,OHX,D,TSTM WND DMG,COOKEVILLE,PUTNAM,TN,MEDIA,TREE DOWN ON HOUSE ALONG GAINESBORO-GRADE.,TNC141,Putnam,
201906220202,2019/06/22 02:02,36.39,-85.33,None,OHX,D,TSTM WND DMG,LIVINGSTON,OVERTON,TN,PUBLIC,POWER LINES DOWN ALONG PEACH DR AND HIDDEN VALLEY LANE. TREE DOWN ALONG CELINA HWY AND STANDING STONE HWY. POWER LINES DOWN ALONG FLETCHER DR.,TNC133,Overton,
201906220202,2019/06/22 02:02,36.39,-85.33,None,OHX,D,TSTM WND DMG,LIVINGSTON,OVERTON,TN,PUBLIC,TREES AND POWERLINES DOWN COUNTY WIDE.,TNC133,Overton,
201906220203,2019/06/22 02:03,38.13,-104.02,None,PUB,D,TSTM WND DMG,FOWLER,OTERO,CO,PUBLIC,POWER OUTAGE. MEDIUM TREE LIMBS DOWN. DIME SIZE HAIL.,COC089,Otero,
201906220204,2019/06/22 02:04,38.14,-104.02,60.0,PUB,G,TSTM WND GST,1 N FOWLER,OTERO,CO,TRAINED SPOTTER,,COC089,Otero,E
201906220204,2019/06/22 02:04,34.93,-87.75,None,HUN,D,TSTM WND DMG,5 NW UNDERWOOD-PETERSVI,LAUDERDALE,AL,EMERGENCY MNGR,A TREE WAS KNOCKED DOWN AT 1300 BLOCK OF CR 11.,ALC077,Lauderdale,
201906220204,2019/06/22 02:04,36.57,-85.13,None,OHX,D,TSTM WND DMG,BYRDSTOWN,PICKETT,TN,LAW ENFORCEMENT,TREES AND POWER LINES DOWN COUNTY WIDE.,TNC137,Pickett,
201906220205,2019/06/22 02:05,39.71,-96.33,4.0,TOP,R,HEAVY RAIN,4 W VERMILLION,MARSHALL,KS,TRAINED SPOTTER,CORRECTS PREVIOUS HEAVY RAIN REPORT FROM 4 W VERMILLION. STORM TOTAL AS OF 9 PM. STILL RAINING.,KSC117,Marshall,E
201906220205,2019/06/22 02:05,39.71,-96.33,4.0,TOP,R,HEAVY RAIN,4 W VERMILLION,MARSHALL,KS,TRAINED SPOTTER,STORM TOTAL SINCE 9 PM. STILL RAINING.,KSC117,Marshall,E
201906220206,2019/06/22 02:06,34.91,-88.06,None,HUN,D,TSTM WND DMG,1 ESE WATERLOO,LAUDERDALE,AL,EMERGENCY MNGR,MULTIPLE TREES DOWN IN THE WATERLOO AND FLORENCE COMMUNITIES.,ALC077,Lauderdale,
201906220206,2019/06/22 02:06,36.24,-86.40,None,OHX,D,TSTM WND DMG,CAIRO BEND,WILSON,TN,NWS EMPLOYEE,TREES DOWN,TNC189,Wilson,
201906220208,2019/06/22 02:08,35.27,-86.58,60.0,HUN,G,TSTM WND GST,5 SE PETERSBURG,LINCOLN,TN,TRAINED SPOTTER,,TNC103,Lincoln,E
201906220208,2019/06/22 02:08,35.37,-86.33,None,HUN,D,TSTM WND DMG,6 NNE LYNCHBURG,MOORE,TN,EMERGENCY MNGR,MULTIPLE TREES DOWN ACROSS DANIEL HOLLOW RD AND FIVE POINTS RD.,TNC127,Moore,
201906220209,2019/06/22 02:09,35.37,-86.22,None,OHX,D,TSTM WND DMG,TULLAHOMA,COFFEE,TN,EMERGENCY MNGR,TREES DOWN IN TULLAHOMA AND ACROSS NORTHERN COFFEE COUNTY.,TNC031,Coffee,
201906220210,2019/06/22 02:10,35.96,-85.82,65.0,OHX,G,TSTM WND GST,SMITHVILLE,DE KALB,TN,TRAINED SPOTTER,ESTIMATED 60-65 MPH GUST,TNC041,De Kalb,E
201906220210,2019/06/22 02:10,35.34,-86.38,None,HUN,D,TSTM WND DMG,4 NNW LYNCHBURG,MOORE,TN,PUBLIC,MULTIPLE TREES DOWN NEAR WISEMAN RD_ ANDERSON RD_ TN-82_ BEDFORD HOLLOW RD_ AND COUNTYLINE RD.,TNC127,Moore,
201906220211,2019/06/22 02:11,36.84,-84.85,None,JKL,D,TSTM WND DMG,MONTICELLO,WAYNE,KY,BROADCAST MEDIA,A UTILITY POLE FELL NEXT TO A FIREWORK TENT AT THE CUMBERLAND CROSSING SHOPPING CENTER IN MONTICELLO AND THEN THE TENT CAME DOWN 5 MINUTES LATER WITH ANOTHER WIND GUST.,KYC231,Wayne,
201906220211,2019/06/22 02:11,35.66,-85.84,None,OHX,D,TSTM WND DMG,4 WSW MCMINNVILLE,WARREN,TN,PUBLIC,PUBLIC REPORTED 18 TREES BLOWN DOWN AROUND THEIR HOME AT 499 PEACH AVE NEAR MCMINNVILLE.,TNC177,Warren,
201906220212,2019/06/22 02:12,35.31,-86.33,None,HUN,D,TSTM WND DMG,3 NE LYNCHBURG,MOORE,TN,EMERGENCY MNGR,MULTIPLE TREES DOWN ACROSS PRICE HOLLOW RD_ COBB HOLLOW RD_ AND PLEASANT HILL RD.,TNC127,Moore,
201906220215,2019/06/22 02:15,36.87,-84.83,None,JKL,D,TSTM WND DMG,2 NNE MONTICELLO,WAYNE,KY,EMERGENCY MNGR,NUMEROUS TREES DOWN IN AND NORTH OF MONTICELLO ALONG KY HWY 90. THIS RESULTED IN POWERLINES BEING KNOCKED DOWN...LEADING TO OVER 4_000 POWER OUTAGES. A FEW TIN ROOFS WERE ALSO BLOWN OFF OF BUILDINGS.,KYC231,Wayne,
201906220216,2019/06/22 02:16,35.27,-86.39,None,HUN,D,TSTM WND DMG,2 WSW LYNCHBURG,MOORE,TN,EMERGENCY MNGR,MULTIPLE TREES DOWN ACROSS BUCKEYE LOOP_ FAYETTEVILLE HWY_ WINCHESTER HWY_ AND NORMAN WISEMAN RD.,TNC127,Moore,
201906220218,2019/06/22 02:18,35.28,-86.31,None,HUN,D,TSTM WND DMG,3 E LYNCHBURG,MOORE,TN,EMERGENCY MNGR,MULTIPLE TREES DOWN ACROSS HURRICANE CREEK RD_ GRIFFIN RD_ CHESTNUT RIDGE RD_ GALBRETH RD_ AND RIDGEVILLE RD.,TNC127,Moore,
201906220218,2019/06/22 02:18,35.15,-86.57,None,HUN,D,TSTM WND DMG,FAYETTEVILLE,LINCOLN,TN,LAW ENFORCEMENT,TREES WERE KNOCKED DOWN AT MULTIPLE LOCATIONS IN LINCOLN. SPECIFICS NOT AVAILABLE AS OF YET.,TNC103,Lincoln,
201906220219,2019/06/22 02:19,34.75,-87.70,None,HUN,D,TSTM WND DMG,1 S SHEFFIELD,COLBERT,AL,EMERGENCY MNGR,CORRECTS PREVIOUS TSTM WND DMG REPORT FROM 1 S SHEFFIELD. POWER LINES DOWN WITHIN THE SHEFFIELD AND MUSCLE SHOALS COMMUNITIES.,ALC033,Colbert,
201906220220,2019/06/22 02:20,34.86,-87.73,None,HUN,D,TSTM WND DMG,2 SW UNDERWOOD-PETERSVI,LAUDERDALE,AL,EMERGENCY MNGR,CORRECTS PREVIOUS TSTM WND DMG REPORT FROM 2 SW UNDERWOOD-PETERSVILLE. TREE DOWN NEAR THE INTERSECTION OF COUNTY ROAD 41 AND RASCH ROAD.,ALC077,Lauderdale,
201906220220,2019/06/22 02:20,34.86,-87.73,None,HUN,D,TSTM WND DMG,2 SW UNDERWOOD-PETERSVI,LAUDERDALE,AL,EMERGENCY MNGR,TREE DOWN NEAR THE INTERSECTION OF COUNTY ROAD 41 AND RASH ROAD.,ALC077,Lauderdale,
201906220220,2019/06/22 02:20,34.91,-87.64,None,HUN,D,TSTM WND DMG,3 NNW SAINT FLORIAN,LAUDERDALE,AL,EMERGENCY MNGR,A TREE WAS KNOCKED DOWN ONTO THE INTERSECTION OF CR 24 AND CR 28.,ALC077,Lauderdale,
201906220220,2019/06/22 02:20,36.19,-85.02,None,OHX,D,TSTM WND DMG,13 ENE MONTEREY,FENTRESS,TN,NWS STORM SURVEY,A MICROBURST CAUSED SUBSTANTIAL WIND DAMAGE IN AND AROUND CLARKRANGE. THE FRONT PORCH OF A FUNERAL HOME WAS BLOWN DOWN...ANOTHER FUNERAL HOME SUFFERED ROOF DAMAGE...SHEET METAL ROOFING WAS BLOWN OFF ,TNC049,Fentress,
201906220220,2019/06/22 02:20,36.43,-84.94,None,OHX,D,TSTM WND DMG,JAMESTOWN,FENTRESS,TN,AMATEUR RADIO,COUNTY WIDE TREE DAMAGE AND POWER OUTAGES.,TNC049,Fentress,
201906220222,2019/06/22 02:22,35.29,-86.37,None,HUN,D,TSTM WND DMG,1 WNW LYNCHBURG,MOORE,TN,LAW ENFORCEMENT,TREES HAVE BEEN KNOCKED DOWN AT MULTIPLE LOCATIONS IN MOORE COUNTY.,TNC127,Moore,
201906220222,2019/06/22 02:22,35.22,-86.32,None,HUN,D,TSTM WND DMG,5 SSE LYNCHBURG,MOORE,TN,EMERGENCY MNGR,MULTIPLE TREES DOWN ACROSS TANYARD HILL RD_ LEE GRAY RD_ AND LITTLE BEAN HOLLOW RD.,TNC127,Moore,
201906220222,2019/06/22 02:22,35.69,-85.78,None,OHX,D,TSTM WND DMG,MCMINNVILLE,WARREN,TN,LAW ENFORCEMENT,TREES DOWN COUNTY WIDE.,TNC177,Warren,
201906220224,2019/06/22 02:24,29.37,-100.92,64.0,EWX,G,TSTM WND GST,2 WNW DEL RIO,VAL VERDE,TX,ASOS,MEASURED AT KDRT.,TXC465,Val Verde,M
201906220224,2019/06/22 02:24,36.38,-84.80,None,OHX,T,TORNADO,8 ESE JAMESTOWN,FENTRESS,TN,NWS STORM SURVEY,AN EF1 TORNADO TOUCHED DOWN IN THE ARMATHWAITE COMMUNITY WEST OF BRANNON LANE AND MOVED EAST ACROSS STOCKTON ROAD...MT HELEN ROAD...HM BROOKS ROAD...CHESTNUT RIDGE ROAD...AND SAM SMITH ROAD BEFORE LI,TNC049,Fentress,
201906220225,2019/06/22 02:25,29.40,-100.93,None,EWX,D,TSTM WND DMG,3 NNW DEL RIO,VAL VERDE,TX,PUBLIC,LARGE TREE TOPPLED_ PICTURE VIA TWITTER.,TXC465,Val Verde,
201906220225,2019/06/22 02:25,29.40,-100.93,None,EWX,D,TSTM WND DMG,3 NW DEL RIO,VAL VERDE,TX,TRAINED SPOTTER,MAJOR TREE DAMAGE_ PICTURE FROM TWITTER.,TXC465,Val Verde,
201906220226,2019/06/22 02:26,35.16,-86.57,None,HUN,D,TSTM WND DMG,1 NW FAYETTEVILLE,LINCOLN,TN,911 CALL CENTER,TREES DOWN ACROSS THE COUNTY.,TNC103,Lincoln,
201906220226,2019/06/22 02:26,35.19,-86.36,None,HUN,D,TSTM WND DMG,7 S LYNCHBURG,MOORE,TN,EMERGENCY MNGR,MULTIPLE TREES DOWN ACROSS WET PRONG RD AND OAK GROVE RD.,TNC127,Moore,
201906220228,2019/06/22 02:28,35.95,-85.04,None,OHX,D,TSTM WND DMG,CROSSVILLE,CUMBERLAND,TN,EMERGENCY MNGR,TREE DOWN OVER HWY 70 N AND POWER OUTAGES IN CUMBERLAND COUNTY.,TNC035,Cumberland,
201906220229,2019/06/22 02:29,38.81,-101.86,60.0,GLD,G,TSTM WND GST,6 ESE WESKAN,WALLACE,KS,TRAINED SPOTTER,ESTIMATE WIND OVER 60 MPH.,KSC199,Wallace,E
201906220229,2019/06/22 02:29,38.81,-101.86,None,GLD,B,DOWNBURST,6 ESE WESKAN,WALLACE,KS,TRAINED SPOTTER,CORRECTS PREVIOUS DOWNBURST REPORT FROM 6 ESE WESKAN. CORRECTS PREVIOUS TSTM WND GST REPORT FROM 6 ESE WESKAN. ESTIMATE WIND OVER 60 MPH. SPOTTER CALLED BACK REPORTING THAT THE DOWNBRUST TOOK OUT A 6,KSC199,Wallace,
201906220229,2019/06/22 02:29,38.81,-101.86,None,GLD,B,DOWNBURST,6 ESE WESKAN,WALLACE,KS,TRAINED SPOTTER,CORRECTS PREVIOUS TSTM WND GST REPORT FROM 6 ESE WESKAN. ESTIMATE WIND OVER 60 MPH.,KSC199,Wallace,
201906220230,2019/06/22 02:30,38.22,-103.73,1.0,PUB,H,HAIL,1 E ORDWAY,CROWLEY,CO,COCORAHS,,COC025,Crowley,M
201906220230,2019/06/22 02:30,38.90,-101.75,1.5,GLD,H,HAIL,SHARON SPRINGS,WALLACE,KS,PUBLIC,,KSC199,Wallace,E
201906220230,2019/06/22 02:30,36.93,-84.60,None,JKL,D,TSTM WND DMG,2 SE QUINTON,PULASKI,KY,911 CALL CENTER,TREE DOWN ON DANNY DRIVE.,KYC199,Pulaski,
201906220230,2019/06/22 02:30,35.93,-85.47,None,OHX,D,TSTM WND DMG,SPARTA,WHITE,TN,LAW ENFORCEMENT,TREES DOWN COUNTY WIDE.,TNC185,White,
201906220232,2019/06/22 02:32,38.90,-101.75,1.75,GLD,H,HAIL,SHARON SPRINGS,WALLACE,KS,PUBLIC,REPORT RECEIVED VIA SOCIAL MEDIA.,KSC199,Wallace,E
201906220232,2019/06/22 02:32,38.90,-101.75,80.0,GLD,G,TSTM WND GST,SHARON SPRINGS,WALLACE,KS,PUBLIC,REPORT RECEIVED VIA SOCIAL MEDIA.,KSC199,Wallace,E
201906220232,2019/06/22 02:32,38.89,-101.75,None,GLD,D,TSTM WND DMG,SHARON SPRINGS,WALLACE,KS,PUBLIC,TREE FELL ON A TRUCK. EST GOLF BALL SIZE HAIL AND 80 PLUS MPH WIND GUSTS.,KSC199,Wallace,
201906220232,2019/06/22 02:32,34.65,-87.52,None,HUN,D,TSTM WND DMG,4 S LEIGHTON,COLBERT,AL,EMERGENCY MNGR,POWER LINES DOWN ON LOWERY RD SOUTH OF LEIGHTON.,ALC033,Colbert,
201906220234,2019/06/22 02:34,29.36,-100.78,70.0,EWX,G,TSTM WND GST,LAUGHLIN AFB,VAL VERDE,TX,AWOS,MEASURED AT KDLF.,TXC465,Val Verde,M
201906220234,2019/06/22 02:34,38.90,-101.78,94.0,GLD,G,TSTM WND GST,2 WNW SHARON SPRINGS,WALLACE,KS,MESONET,,KSC199,Wallace,M
201906220237,2019/06/22 02:37,38.91,-101.72,1.75,GLD,H,HAIL,2 ENE SHARON SPRINGS,WALLACE,KS,STORM CHASER,,KSC199,Wallace,E
201906220237,2019/06/22 02:37,35.26,-85.75,None,OHX,D,TSTM WND DMG,TRACY CITY,GRUNDY,TN,LAW ENFORCEMENT,TREES DOWN IN TRACY CITY AND MONTEAGLE.,TNC061,Grundy,
201906220238,2019/06/22 02:38,38.87,-101.97,None,GLD,D,TSTM WND DMG,1 NNW WESKAN,WALLACE,KS,PUBLIC,REPORT OF WIND DAMAGE IN THE TOWN OF WESKAN_ KS. LARGE BRANCHES BROKEN AND ONE LARGE TREE UPROOTED.,KSC199,Wallace,
201906220238,2019/06/22 02:38,34.93,-86.59,None,HUN,D,TSTM WND DMG,1 WNW HAZEL GREEN,MADISON,AL,PUBLIC,TREE DOWN ON POWER LINES NEAR THE INTERSECTION OF BRITT ADAM LANE AND WEST LIMESTONE ROAD. WEST LIMESTONE ROAD IMPASSIBLE. TIME ESTIMATED FROM RADAR.,ALC089,Madison,
201906220240,2019/06/22 02:40,45.59,-98.18,2.68,ABR,R,HEAVY RAIN,2 N PUTNEY,BROWN,SD,PUBLIC,RELAYED THROUGH SOCIAL MEDIA.,SDC013,Brown,M
201906220240,2019/06/22 02:40,34.98,-86.85,None,HUN,D,TSTM WND DMG,1 W ARDMORE,LIMESTONE,AL,911 CALL CENTER,SEVERAL TREES AND POWER LINES DOWN IN THE ARDMORE COMMUNITY AND IN THE 7 MILE POST AREA.,ALC083,Limestone,
201906220240,2019/06/22 02:40,36.72,-84.48,None,JKL,D,TSTM WND DMG,WHITLEY CITY,MCCREARY,KY,911 CALL CENTER,TREES DOWN ALL OVER COUNTY_ ESPEICALLY ACROSS THE NORTHERN HALF OF THE COUNTY.,KYC147,McCreary,
201906220241,2019/06/22 02:41,35.19,-86.11,None,HUN,D,TSTM WND DMG,WINCHESTER,FRANKLIN,TN,LAW ENFORCEMENT,NUMEROUS REPORTS OF TREES AND POWER LINES BEING KNOCKED DOWN THROUGHOUT THE COUNTY.,TNC051,Franklin,
201906220241,2019/06/22 02:41,35.19,-86.11,None,HUN,D,TSTM WND DMG,WINCHESTER,FRANKLIN,TN,LAW ENFORCEMENT,TREES AND POWER LINES DOWN AT MULTIPLE LOCATIONS THROUGHOUT THE COUNTY.,TNC051,Franklin,
201906220242,2019/06/22 02:42,48.76,-108.60,2.02,TFX,R,HEAVY RAIN,7 SSE HOGELAND,BLAINE,MT,TRAINED SPOTTER,RAINFALL SINCE 7 AM THIS MORNING.,MTC005,Blaine,M
201906220243,2019/06/22 02:43,35.74,-85.46,None,OHX,D,TSTM WND DMG,SPENCER,VAN BUREN,TN,LAW ENFORCEMENT,TREES DOWN COUNTY WIDE.,TNC175,Van Buren,
201906220244,2019/06/22 02:44,38.05,-103.51,70.0,PUB,G,TSTM WND GST,4 S CHERAW,OTERO,CO,ASOS,CORRECTS PREVIOUS TSTM WND GST REPORT FROM 4 S CHERAW. GUST OCCURRED 8:44 PM_ RECEIVED ON 8:53 OBSERVATION. OUTFLOW WINDS FROM STORMS IN CROWLEY COUNTY.,COC089,Otero,M
201906220245,2019/06/22 02:45,34.86,-86.56,48.0,HUN,G,TSTM WND GST,1 SSE MERIDIANVILLE,MADISON,AL,AWOS,,ALC089,Madison,M
201906220245,2019/06/22 02:45,36.41,-84.50,None,MRX,D,TSTM WND DMG,1 W HUNTSVILLE,SCOTT,TN,911 CALL CENTER,REPORTS OF TREES DOWN ACROSS THE COUNTY.,TNC151,Scott,
201906220249,2019/06/22 02:49,34.80,-86.97,None,HUN,D,TSTM WND DMG,1 NNW ATHENS,LIMESTONE,AL,911 CALL CENTER,POWER LINES DOWN WITHIN THE ATHENS COMMUNITY.,ALC083,Limestone,
201906220249,2019/06/22 02:49,35.71,-86.70,None,OHX,D,TSTM WND DMG,3 SW EAGLEVILLE,MARSHALL,TN,SOCIAL MEDIA,PHOTO OF TREE OVER FULLER RD IN COLLEGE GROVE.,TNC117,Marshall,
201906220250,2019/06/22 02:50,36.31,-84.77,None,MRX,D,TSTM WND DMG,5 SW RUGBY,MORGAN,TN,911 CALL CENTER,COUPLE OF TREES DOWN ON PETERS FORD RD.,TNC129,Morgan,
201906220251,2019/06/22 02:51,38.20,-103.51,0.75,PUB,H,HAIL,6 N CHERAW,CROWLEY,CO,STORM CHASER,,COC025,Crowley,E
201906220253,2019/06/22 02:53,38.05,-103.51,70.0,PUB,G,TSTM WND GST,4 S CHERAW,OTERO,CO,ASOS,OUTFLOW WINDS FROM STORMS IN CROWLEY COUNTY.,COC089,Otero,M
201906220255,2019/06/22 02:55,34.72,-86.73,None,HUN,D,TSTM WND DMG,2 NE MADISON,MADISON,AL,NWS EMPLOYEE,TREE FELL ON ROAD AT THE INTERSECTION OF EASTVIEW DRIVE AND MABRY DRIVE.,ALC089,Madison,
201906220256,2019/06/22 02:56,48.50,-99.71,3.1,BIS,R,HEAVY RAIN,WOLFORD,PIERCE,ND,PUBLIC,RAINFALL FROM 3PM TO 930 PM. RELAYED THROUGH BROADCAST MEDIA.,NDC069,Pierce,E
201906220300,2019/06/22 03:00,34.60,-87.02,None,HUN,D,TSTM WND DMG,3 NW DECATUR,MORGAN,AL,EMERGENCY MNGR,SEVERAL TREES DOWN ACROSS DECATUR NEAR MOULTON HEIGHTS NEIGHBORHOOD.,ALC103,Morgan,
201906220300,2019/06/22 03:00,35.94,-84.55,None,MRX,D,TSTM WND DMG,1 ENE HARRIMAN,ROANE,TN,EMERGENCY MNGR,POWER LOSS IN HIDDEN ACRES AREA. 911 CENTER REPORTS SCATTERED TREES DOWN.,TNC145,Roane,
201906220301,2019/06/22 03:01,36.72,-84.14,None,JKL,D,TSTM WND DMG,2 SE WILLIAMSBURG,WHITLEY,KY,911 CALL CENTER,TREE DOWN ON A HOUSE ON TACKETT CREEK RD.,KYC235,Whitley,
201906220301,2019/06/22 03:01,35.61,-85.21,None,MRX,D,TSTM WND DMG,1 W PIKEVILLE,BLEDSOE,TN,911 CALL CENTER,FEW REPORTS OF TREES DOWN ACROSS THE COUNTY.,TNC007,Bledsoe,
201906220304,2019/06/22 03:04,34.35,-85.98,None,HUN,D,TSTM WND DMG,2 SE GERALDINE,DEKALB,AL,EMERGENCY MNGR,TREE AND POWER LINES DOWN ON COUNTY ROAD 583.,ALC049,DeKalb,
201906220304,2019/06/22 03:04,35.93,-84.56,None,MRX,D,TSTM WND DMG,HARRIMAN,ROANE,TN,911 CALL CENTER,SEVERAL TREES DOWN NEAR HARRIMAN.,TNC145,Roane,
201906220308,2019/06/22 03:08,38.76,-101.75,None,GLD,D,TSTM WND DMG,9 S SHARON SPRINGS,WALLACE,KS,PUBLIC,SHARON SPRINGS HAS TREES DOWN AND CAR WINDOWS BROKEN. POWER OUT IN PARTS OF SHARON SPRINGS.,KSC199,Wallace,
201906220310,2019/06/22 03:10,34.98,-85.62,None,HUN,D,TSTM WND DMG,6 ENE BRIDGEPORT,JACKSON,AL,EMERGENCY MNGR,MINOR DAMAGE TO A HOME ON COUNTY ROAD 159 IN THE BRYANT COMMUNITY. TIME ESTIMATED FROM RADAR.,ALC071,Jackson,
201906220312,2019/06/22 03:12,36.20,-84.04,None,MRX,D,TSTM WND DMG,ANDERSONVILLE,ANDERSON,TN,AMATEUR RADIO,GAZEBO AND OTHER DEBRIS BLOWN INTO BUFFALO ROAD IN ANDERSONVILLE.,TNC001,Anderson,
201906220313,2019/06/22 03:13,35.56,-84.95,None,MRX,D,TSTM WND DMG,EVENSVILLE,RHEA,TN,TRAINED SPOTTER,DOWNED POWER LINES AND DOWNED TREES IN THE AREA OF EVENSVILLE TN.,TNC143,Rhea,
201906220313,2019/06/22 03:13,35.56,-84.95,None,MRX,D,TSTM WND DMG,EVENSVILLE,RHEA,TN,TRAINED SPOTTER,DOWNED POWER LINES IN THE AREA OF EVENSVILLE TN.,TNC143,Rhea,
201906220315,2019/06/22 03:15,36.37,-84.14,None,MRX,D,TSTM WND DMG,1 WSW LA FOLLETTE,CAMPBELL,TN,911 CALL CENTER,EXTENSIVE DOWNED TREES ACROSS THE COUNTY.,TNC013,Campbell,
201906220315,2019/06/22 03:15,35.15,-85.59,None,MRX,D,TSTM WND DMG,3 WSW MARTIN SPRINGS,MARION,TN,911 CALL CENTER,EXTENSIVE NUMBERS OF TREES AND POWER LINES DOWN ACROSS THE COUNTY.,TNC115,Marion,
201906220318,2019/06/22 03:18,48.91,-99.77,2.42,BIS,R,HEAVY RAIN,4 SW SAINT JOHN,ROLETTE,ND,PUBLIC,RAINFALL TODAY. YESTERDAY RECORDED 0.56 INCHES. RELAYED BY BROADCAST MEDIA.,NDC079,Rolette,M
201906220319,2019/06/22 03:19,36.12,-84.17,None,MRX,D,TSTM WND DMG,3 NW CLINTON,ANDERSON,TN,911 CALL CENTER,SEVERAL REPORTS OF TREES DOWN ACROSS THE COUNTY.,TNC001,Anderson,
201906220320,2019/06/22 03:20,39.01,-101.18,2.5,GLD,H,HAIL,5 SE WINONA,LOGAN,KS,EMERGENCY MNGR,SECOND HAND REPORT FROM THE EM.,KSC109,Logan,E
201906220320,2019/06/22 03:20,34.72,-86.56,None,HUN,D,TSTM WND DMG,4 E HUNTSVILLE,MADISON,AL,BROADCAST MEDIA,TREE DOWN ON POWER LINE_ CAUSING POWER OUTAGE ALONG GOVERNORS DRIVE. LARGE TREE LIMBS DOWN.,ALC089,Madison,
201906220322,2019/06/22 03:22,34.57,-86.44,None,HUN,D,TSTM WND DMG,2 SE OWENS CROSSROADS,MADISON,AL,PUBLIC,TREE DOWN ON HOME NEAR THE INTERSECTION OF ED SPEARS ROAD AND SEDGEWICK DRIVE.,ALC089,Madison,
201906220324,2019/06/22 03:24,34.60,-86.10,None,HUN,D,TSTM WND DMG,5 N LANGSTON,JACKSON,AL,EMERGENCY MNGR,*** 1 INJ *** A TREE WAS KNOCKED DOWN ONTO CR 114. A VEHICLE RAN INTO THE TREE AND WAS INJURED LATER.,ALC071,Jackson,
201906220324,2019/06/22 03:24,35.67,-84.66,None,MRX,D,TSTM WND DMG,TEN MILE,MEIGS,TN,TRAINED SPOTTER,TRAINED OBSERVER REPORTS TREES DOWN AND POWER OUT AT TEN MILE TN.,TNC121,Meigs,
201906220325,2019/06/22 03:25,34.71,-85.80,None,HUN,D,TSTM WND DMG,4 NE PISGAH,JACKSON,AL,EMERGENCY MNGR,A TREE WAS KNOCKED DOWN ON CR 126.,ALC071,Jackson,
201906220325,2019/06/22 03:25,34.68,-85.85,None,HUN,D,TSTM WND DMG,PISGAH,JACKSON,AL,EMERGENCY MNGR,A TREE WAS KNOCKED DOWN ON CR 88.,ALC071,Jackson,
201906220325,2019/06/22 03:25,35.13,-85.30,None,MRX,D,TSTM WND DMG,1 N RED BANK,HAMILTON,TN,911 CALL CENTER,REPORT OF POWER LINES DOWN NEAR RED BANK.,TNC065,Hamilton,
201906220328,2019/06/22 03:28,34.57,-86.14,None,HUN,D,TSTM WND DMG,4 NW LANGSTON,JACKSON,AL,EMERGENCY MNGR,TREE DOWN ON CR 77 NEAR THE SWEARINGEN COMMUNITY.,ALC071,Jackson,
201906220328,2019/06/22 03:28,34.56,-86.19,None,HUN,D,TSTM WND DMG,5 NE GRANT,MARSHALL,AL,EMERGENCY MNGR,A TREE WAS KNOCKED DOWN ON CR 77 IN SWEARINGEN.,ALC095,Marshall,
201906220328,2019/06/22 03:28,34.79,-85.59,None,HUN,D,TSTM WND DMG,8 NNE IDER,DEKALB,AL,EMERGENCY MNGR,A TREE WAS KNOCKED DOWN ON THE ROAD AT THE INTERSECTION OF AL 75 AND CR 832.,ALC049,DeKalb,
201906220330,2019/06/22 03:30,34.71,-85.66,None,HUN,D,TSTM WND DMG,1 NNE IDER,DEKALB,AL,EMERGENCY MNGR,POWER OUTAGE REPORTED ALONG CR 140 IN IDER. POWER LINES AND TREES DOWN IN BOTH THE IDER AND HENAGAR COMMUNITIES.,ALC049,DeKalb,
201906220330,2019/06/22 03:30,34.63,-85.79,None,HUN,D,TSTM WND DMG,3 W HENAGAR,JACKSON,AL,EMERGENCY MNGR,A TREE WAS KNOCKED DOWN ON THE ROAD AT 12342 HIGHWAY 40. POWER LINE INVOLVED.,ALC071,Jackson,
201906220330,2019/06/22 03:30,35.74,-84.34,None,MRX,D,TSTM WND DMG,1 ENE LOUDON,LOUDON,TN,EMERGENCY MNGR,WIDESPREAD DOWNED TREES AND POWER OUTAGES ACROSS THE COUNTY.,TNC105,Loudon,
201906220330,2019/06/22 03:30,35.80,-84.27,None,MRX,D,TSTM WND DMG,LENOIR CITY,LOUDON,TN,EMERGENCY MNGR,TWO REPORTS OF TREES DOWN ON HOUSES NEAR 9TH AVE AND C ST IN LENOIR CITY. NO INJURIES REPORTED.,TNC105,Loudon,
201906220331,2019/06/22 03:31,35.79,-84.27,None,MRX,D,TSTM WND DMG,1 SSE LENOIR CITY,LOUDON,TN,AMATEUR RADIO,MULTIPLE TREES DOWN NEAR JUSTICE CENTER ON HIGHWAY 11.,TNC105,Loudon,
201906220332,2019/06/22 03:32,34.57,-86.18,None,HUN,D,TSTM WND DMG,5 NE GRANT,MARSHALL,AL,EMERGENCY MNGR,TREE DOWN ON CR 77 NEAR THE SWEARENGIN COMMUNITY.,ALC095,Marshall,
201906220332,2019/06/22 03:32,36.73,-83.73,None,JKL,D,TSTM WND DMG,CLEAR CREEK SPRINGS,BELL,KY,911 CALL CENTER,TREE DOWN ON HIGHWAY 190.,KYC013,Bell,
201906220332,2019/06/22 03:32,35.00,-85.33,None,MRX,D,TSTM WND DMG,6 SW CHATTANOOGA,HAMILTON,TN,EMERGENCY MNGR,TREE ON HOME 4900 BLOCK OF ALABAMA AVENUE. OCCUPANTS DISPLACED.,TNC065,Hamilton,
201906220334,2019/06/22 03:34,38.17,-97.11,0.7,ICT,H,HAIL,PEABODY,MARION,KS,LAW ENFORCEMENT,,KSC115,Marion,E
201906220334,2019/06/22 03:34,38.17,-97.11,0.7,ICT,H,HAIL,PEABODY,MARION,KS,LAW ENFORCEMENT,.,KSC115,Marion,E
201906220336,2019/06/22 03:36,36.77,-83.69,None,JKL,D,TSTM WND DMG,1 NE PINEVILLE,BELL,KY,911 CALL CENTER,TREE DOWN ON DORTON BRANCH ROAD.,KYC013,Bell,
201906220338,2019/06/22 03:38,34.61,-85.65,None,HUN,D,TSTM WND DMG,3 NNW HAMMONDVILLE,DEKALB,AL,911 CALL CENTER,TREE BLOCKING BOTH LANES OF HWY 40. POWER LINES INVOLVED.,ALC049,DeKalb,
201906220338,2019/06/22 03:38,35.43,-84.59,None,MRX,D,TSTM WND DMG,2 SE ATHENS,MCMINN,TN,PUBLIC,TREES REPORTED DOWN IN ATHENS.,TNC107,McMinn,
201906220338,2019/06/22 03:38,35.87,-84.09,None,MRX,D,TSTM WND DMG,5 E FARRAGUT,KNOX,TN,911 CALL CENTER,POWER LINES DOWN.,TNC093,Knox,
201906220339,2019/06/22 03:39,36.08,-83.78,None,MRX,D,TSTM WND DMG,1 NW MASCOT,KNOX,TN,911 CALL CENTER,TREES DOWN AND POWER OUTAGES NEAR ROBERTS RD AND MILLERTOWN PIKE.,TNC093,Knox,
201906220339,2019/06/22 03:39,36.01,-83.92,None,MRX,D,TSTM WND DMG,3 NNE KNOXVILLE,KNOX,TN,911 CALL CENTER,POWER LINES DOWN AND TRAFFIC LIGHTS WITHOUT POWER.,TNC093,Knox,
201906220340,2019/06/22 03:40,47.27,-98.87,1.23,BIS,R,HEAVY RAIN,ARROWWOOD RAWS,STUTSMAN,ND,OTHER FEDERAL,RAINFALL FROM 330 PM TO 930 PM CDT.,NDC093,Stutsman,E
201906220340,2019/06/22 03:40,34.95,-85.55,None,FFC,D,TSTM WND DMG,2 SSE COLE CITY,DADE,GA,EMERGENCY MNGR,EM REPORTED THAT TREES ARE DOWN ON SAND MOUNTAIN.,GAC083,Dade,
201906220341,2019/06/22 03:41,34.86,-85.49,None,FFC,D,TSTM WND DMG,1 SE TRENTON,DADE,GA,SOCIAL MEDIA,A TREE CAME DOWN ON A CAR ON LAURA LANE IN TRENTON.,GAC083,Dade,
201906220341,2019/06/22 03:41,35.44,-84.59,None,MRX,D,TSTM WND DMG,1 SE ATHENS,MCMINN,TN,911 CALL CENTER,TREE ON HOME IN ATHENS CITY.,TNC107,McMinn,
201906220342,2019/06/22 03:42,34.92,-85.59,None,FFC,D,TSTM WND DMG,3 NW STEPHENSVILLE,DADE,GA,EMERGENCY MNGR,TREES DOWN ALONG REEVE ROAD IN DADE COUNTY.,GAC083,Dade,
201906220345,2019/06/22 03:45,34.60,-86.11,None,HUN,D,TSTM WND DMG,5 SW SCOTTSBORO,JACKSON,AL,EMERGENCY MNGR,TREE OVER ROADWAY ON COUNTY ROAD 114. TIME ESTIMATED FROM RADAR.,ALC071,Jackson,
201906220345,2019/06/22 03:45,35.75,-83.97,None,MRX,D,TSTM WND DMG,1 NE MARYVILLE,BLOUNT,TN,PUBLIC,WIDESPREAD DOWNED TREES COUNTY WIDE.,TNC009,Blount,
201906220348,2019/06/22 03:48,34.79,-85.48,None,FFC,D,TSTM WND DMG,2 S CLOUDLAND CANYON ST,DADE,GA,SOCIAL MEDIA,REPORT OF A TREE THAT FELL ON A HOUSE AND A TRUCK ON PLUM NELLY ROAD APPROXIMATELY 5 MILES SSE OF TRENTON_ GA.,GAC083,Dade,
201906220348,2019/06/22 03:48,35.74,-84.62,None,MRX,D,TSTM WND DMG,4 SW FAIRVIEW,ROANE,TN,EMERGENCY MNGR,SOUTH ROANE COUNTY VFD REPORTS POWER OUTAGES (VOLUNTEER ELECTRIC) ALONG SR58 ON EITHER SIDE OR ROANE/MEIGS LINE.,TNC145,Roane,
201906220349,2019/06/22 03:49,39.04,-100.74,1.0,GLD,H,HAIL,6 S CAMPUS,GOVE,KS,TRAINED SPOTTER,,KSC063,Gove,E
201906220350,2019/06/22 03:50,34.95,-85.26,None,FFC,D,TSTM WND DMG,FORT OGLETHORPE,CATOOSA,GA,TRAINED SPOTTER,NUMEROUS LARGE BRANCHES AND POWER LINES DOWN NEAR THE INTERSECTION OF LAFAYETTE RD AND FORREST RD.,GAC047,Catoosa,
201906220350,2019/06/22 03:50,34.48,-85.82,None,HUN,D,TSTM WND DMG,2 SE RAINSVILLE,DEKALB,AL,911 CALL CENTER,A TREE WAS KNOCKED DOWN ONTO POWER LINES.,ALC049,DeKalb,
201906220350,2019/06/22 03:50,34.53,-85.80,None,HUN,D,TSTM WND DMG,2 S SYLVANIA,DEKALB,AL,911 CALL CENTER,POWER LINES WERE KNOCKED DOWN AT 758 OAK GROVE ROAD.,ALC049,DeKalb,
201906220352,2019/06/22 03:52,36.28,-83.52,None,MRX,D,TSTM WND DMG,1 NE RUTLEDGE,GRAINGER,TN,911 CALL CENTER,CORRECTS TIME PREVIOUS TSTM WND DMG REPORT FROM 1 NE RUTLEDGE. MULTIPLE TREES DOWN ACROSS THE COUNTY.,TNC057,Grainger,
201906220358,2019/06/22 03:58,36.10,-83.56,None,MRX,D,TSTM WND DMG,1 WNW NEW MARKET,JEFFERSON,TN,911 CALL CENTER,TREE ON A HOUSE NEAR NEW MARKET. WIDESPREAD TREE DAMAGE.,TNC089,Jefferson,
201906220406,2019/06/22 04:06,35.17,-84.66,0.88,MRX,H,HAIL,1 WSW BENTON,POLK,TN,911 CALL CENTER,NICKEL SIZE HAIL NEAR BENTON.,TNC139,Polk,E
201906220406,2019/06/22 04:06,35.17,-84.66,None,MRX,D,TSTM WND DMG,1 SW BENTON,POLK,TN,911 CALL CENTER,COUPLE OF TREES DOWN NEAR BENTON.,TNC139,Polk,
201906220408,2019/06/22 04:08,34.26,-86.09,None,HUN,D,TSTM WND DMG,5 WSW CROSSVILLE,DEKALB,AL,EMERGENCY MNGR,A TREE WAS KNOCKED DOWN ALONG CR 479.,ALC049,DeKalb,
201906220408,2019/06/22 04:08,36.02,-83.42,None,MRX,D,TSTM WND DMG,DANDRIDGE,JEFFERSON,TN,911 CALL CENTER,TREE ON A HOUSE NEAR DANDRIDGE. WIDESPREAD TREE DAMAGE ACROSS JEFFERSON COUNTY.,TNC089,Jefferson,
201906220409,2019/06/22 04:09,35.32,-83.81,None,GSP,D,TSTM WND DMG,ROBBINSVILLE,GRAHAM,NC,911 CALL CENTER,TREES DOWN ACROSS THE COUNTY.,NCC075,Graham,
201906220411,2019/06/22 04:11,33.90,-100.13,58.0,LUB,G,TSTM WND GST,2 SSE HACKBERRY,COTTLE,TX,MESONET,,TXC101,Cottle,M
201906220416,2019/06/22 04:16,34.26,-85.87,None,HUN,D,TSTM WND DMG,COLLINSVILLE,DEKALB,AL,911 CALL CENTER,A TREE WAS KNOCKED DOWN ONTO POWER LINES.,ALC049,DeKalb,
201906220424,2019/06/22 04:24,34.68,-84.48,None,FFC,D,TSTM WND DMG,1 SW EAST ELLIJAY,GILMER,GA,SOCIAL MEDIA,REPORT THAT THE CLOCK TOWER HAS FALLEN OVER THE AT CLOCK TOWER CENTER ON MADDOX DRIVE IN EAST ELIJAY.,GAC123,Gilmer,
201906220425,2019/06/22 04:25,33.17,-100.20,58.0,LUB,G,TSTM WND GST,3 NE ASPERMONT,STONEWALL,TX,MESONET,,TXC433,Stonewall,M
201906220425,2019/06/22 04:25,34.45,-85.39,None,FFC,D,TSTM WND DMG,BERRYTON,CHATTOOGA,GA,EMERGENCY MNGR,TREES REPORTED DOWN ALONG THE 1500 BLOCK OF BACK BERRYTON RD.,GAC055,Chattooga,
201906220427,2019/06/22 04:27,46.07,-98.09,1.91,BIS,R,HEAVY RAIN,4 S OAKES,DICKEY,ND,MESONET,NDAWN MESONET. RAINFALL TOTAL FOR THE DAY.,NDC021,Dickey,M
201906220429,2019/06/22 04:29,35.34,-83.57,None,GSP,D,TSTM WND DMG,2 S ALMOND,SWAIN,NC,911 CALL CENTER,TREES DOWN ACROSS HIGHWAY 19 IN THE NANTAHALA GORGE. EXACT LOCATION ESTIMATED.,NCC173,Swain,
201906220430,2019/06/22 04:30,34.70,-84.56,None,FFC,D,TSTM WND DMG,3 E TAILS CREEK,GILMER,GA,SOCIAL MEDIA,POWER LINES AND A FEW TREES DOWN ALONG HICKS FORD RD.,GAC123,Gilmer,
201906220430,2019/06/22 04:30,34.70,-84.56,None,FFC,D,TSTM WND DMG,3 E TAILS CREEK,GILMER,GA,SOCIAL MEDIA,POWER LINES AND A FEW TREES DOWN ALONG HICKS FORD RD IN ELIJAY.,GAC123,Gilmer,
201906220430,2019/06/22 04:30,36.64,-83.43,None,MRX,D,TSTM WND DMG,EWING,LEE,VA,911 CALL CENTER,MULTIPLE TREES DOWN IN EWING.,VAC105,Lee,
201906220435,2019/06/22 04:35,46.91,-99.99,1.45,BIS,R,HEAVY RAIN,5 NW STEELE,KIDDER,ND,MESONET,NDAWN MESONET. RAINFALL FOR THE DAY.,NDC043,Kidder,M
201906220436,2019/06/22 04:36,34.51,-85.44,None,FFC,D,TSTM WND DMG,2 NE MENLO,CHATTOOGA,GA,EMERGENCY MNGR,TREES DOWN NEAR THE CONER OF OLD HIGHWAY 37 AND AGNEW RD NW OF SUMMERVILLE.,GAC055,Chattooga,
201906220436,2019/06/22 04:36,34.87,-85.00,None,FFC,D,TSTM WND DMG,3 SW VARNELL,WHITFIELD,GA,EMERGENCY MNGR,FLYING DEBRIS DAMAGED A GARAGE ON THE 2900 BLOCK OF CROW VALLEY ROAD.,GAC313,Whitfield,
201906220437,2019/06/22 04:37,34.87,-83.94,None,FFC,D,TSTM WND DMG,1 ESE BLAIRSVILLE,UNION,GA,EMERGENCY MNGR,A FEW TREES DOWN ALONG PINEY POINT RD. ALSO SOME TREES DOWN ALONG WOLF PEN GAP RD.,GAC291,Union,
201906220437,2019/06/22 04:37,36.34,-82.84,None,MRX,D,TSTM WND DMG,1 NNW BAILEYTON,GREENE,TN,911 CALL CENTER,MULTIPLE TREES DOWN ACROSS NORTHERN GREENE COUNTY.,TNC059,Greene,
201906220438,2019/06/22 04:38,35.29,-83.49,None,GSP,D,TSTM WND DMG,5 SW ALARKA,MACON,NC,911 CALL CENTER,TREES DOWN. ONE WAS DOWN ACROSS HIGHWAY 28 BLOCKING THE ROAD.,NCC113,Macon,
201906220440,2019/06/22 04:40,36.48,-82.82,None,MRX,D,TSTM WND DMG,2 E SURGOINSVILLE,HAWKINS,TN,BROADCAST MEDIA,PHIPPS BEND INDUSTRIAL PARK. A METAL WAREHOUSE HAD A WALL RIPPED OPEN.,TNC073,Hawkins,
201906220445,2019/06/22 04:45,36.47,-82.85,None,MRX,D,TSTM WND DMG,SURGOINSVILLE,HAWKINS,TN,911 CALL CENTER,TREE THROUGH THE ROOF OF HOME.,TNC073,Hawkins,
201906220447,2019/06/22 04:47,34.96,-84.85,None,FFC,D,TSTM WND DMG,3 N BEAVERDALE,WHITFIELD,GA,EMERGENCY MNGR,A GAZEBO WAS BLOWN DOWN ALONG THE 2100 BLOCK OF LEDFORD RD NEAR THE INTERSECTION OF LEDFORD RD AND MT PLEASENT RD.,GAC313,Whitfield,
201906220448,2019/06/22 04:48,35.48,-83.00,None,GSP,D,TSTM WND DMG,WAYNESVILLE,HAYWOOD,NC,911 CALL CENTER,A TREE DOWN ON CHILDRENS STREET IN WAYNESVILLE AND ANOTHER TREE DOWN IN CLYDE.,NCC087,Haywood,
201906220450,2019/06/22 04:50,35.80,-82.68,None,GSP,D,TSTM WND DMG,MARSHALL,MADISON,NC,911 CALL CENTER,SCATTERED TREES DOWN ACROSS THE COUNTY.,NCC115,Madison,
201906220450,2019/06/22 04:50,36.58,-82.62,None,MRX,D,TSTM WND DMG,3 ENE MOUNT CARMEL,HAWKINS,TN,LAW ENFORCEMENT,SEVERAL TREES DOWN.,TNC073,Hawkins,
201906220451,2019/06/22 04:51,38.17,-97.11,0.7,ICT,H,HAIL,PEABODY,MARION,KS,LAW ENFORCEMENT,,KSC115,Marion,E
201906220451,2019/06/22 04:51,38.17,-97.11,0.7,ICT,H,HAIL,PEABODY,MARION,KS,LAW ENFORCEMENT,.,KSC115,Marion,E
201906220453,2019/06/22 04:53,35.05,-83.92,None,MRX,D,TSTM WND DMG,2 ENE BRASSTOWN,CLAY,NC,LAW ENFORCEMENT,SEVERAL TREES DOWN.,NCC043,Clay,
201906220454,2019/06/22 04:54,34.29,-84.52,None,FFC,D,TSTM WND DMG,3 SE WALESKA,CHEROKEE,GA,EMERGENCY MNGR,TREE DOWN BLOCKING THE ROAD AT THE INTERSECTION OF REINHARDT COLLEGE PARKWAY AND SAME NELSON RD IN CANTON.,GAC057,Cherokee,
201906220455,2019/06/22 04:55,34.41,-84.53,None,FFC,D,TSTM WND DMG,2 ESE TALMADGE,PICKENS,GA,TRAINED SPOTTER,20+ TREES DOWN AT INTERSECTION OF HENDERSON MOUNTAIN RD AND S BASIN DR. POWER POLE AND LINES DOWN ~1 MILE NORTH.,GAC227,Pickens,
201906220455,2019/06/22 04:55,34.41,-84.53,None,FFC,D,TSTM WND DMG,2 ESE TALMADGE,PICKENS,GA,TRAINED SPOTTER,5+ TREES DOWN AT INTERSECTION OF HENDERSON MOUNTAIN RD AND S BASIN DR. POWER POLE AND LINES DOWN ~1 MILE NORTH.,GAC227,Pickens,
201906220456,2019/06/22 04:56,38.17,-97.11,1.0,ICT,H,HAIL,PEABODY,MARION,KS,PUBLIC,,KSC115,Marion,E
201906220456,2019/06/22 04:56,34.60,-84.01,None,FFC,D,TSTM WND DMG,4 SSE GOOCH MOUNTAIN SH,LUMPKIN,GA,911 CALL CENTER,A FEW TREES DOWN.,GAC187,Lumpkin,
201906220459,2019/06/22 04:59,48.84,-99.74,3.43,BIS,R,HEAVY RAIN,BELCOURT,ROLETTE,ND,OTHER FEDERAL,BIA TURTLE MOUNTAIN AGENCY HEADQUARTERS.,NDC079,Rolette,M
201906220500,2019/06/22 05:00,36.22,-82.69,None,MRX,D,TSTM WND DMG,CHUCKY,GREENE,TN,LAW ENFORCEMENT,SEVERAL TREES DOWN.,TNC059,Greene,
201906220506,2019/06/22 05:06,35.05,-83.61,None,MRX,D,TSTM WND DMG,3 ENE SHOOTING CREEK,CLAY,NC,LAW ENFORCEMENT,TREES DOWN ACROSS THE COUNTY.,NCC043,Clay,
201906220507,2019/06/22 05:07,35.57,-82.55,None,GSP,D,TSTM WND DMG,ASHEVILLE,BUNCOMBE,NC,911 CALL CENTER,SCATTERED TREES DOWN ACROSS THE COUNTY.,NCC021,Buncombe,
201906220509,2019/06/22 05:09,34.47,-84.45,None,FFC,D,TSTM WND DMG,1 W JASPER,PICKENS,GA,SOCIAL MEDIA,ROOF DAMAGED NEAR THE INTERSECTION OF JONAH LANE AND NOAH DRIVE.,GAC227,Pickens,
201906220513,2019/06/22 05:13,35.92,-82.30,None,GSP,D,TSTM WND DMG,BURNSVILLE,YANCEY,NC,911 CALL CENTER,A FEW SCATTERED TREES DOWN.,NCC199,Yancey,
201906220513,2019/06/22 05:13,35.11,-83.10,None,GSP,D,TSTM WND DMG,CASHIERS,JACKSON,NC,911 CALL CENTER,TREES DOWN ACROSS THE COUNTY ESPECIALLY AROUND CASHIERS.,NCC099,Jackson,
201906220518,2019/06/22 05:18,34.25,-84.36,None,FFC,D,TSTM WND DMG,3 W LATHEMTOWN,CHEROKEE,GA,SOCIAL MEDIA,REPORT OF A TREE DOWN ON GA 20 IN CHEROKEE COUNTY NEAR UNION HILL ROAD.,GAC057,Cherokee,
201906220520,2019/06/22 05:20,34.37,-84.07,None,FFC,D,TSTM WND DMG,1 S DOUGHERTY,DAWSON,GA,EMERGENCY MNGR,TREES DOWN ALONG GRIZZLE RD BETWEEN HUGH STOWERS RD AND LUMPKIN CAMP GROUND RD S.,GAC085,Dawson,
201906220520,2019/06/22 05:20,34.39,-84.24,None,FFC,D,TSTM WND DMG,2 NE HOLLIS LATHEM RESE,DAWSON,GA,EMERGENCY MNGR,TREES DOWN NEAR INTERSECTION OF BLUE BIRD TRAIL AND KELLY BRIDGE RD. ALSO AT 2237 & 8188 KELLY BRIDGE RD.,GAC085,Dawson,
201906220520,2019/06/22 05:20,34.40,-84.12,None,FFC,D,TSTM WND DMG,2 S DAWSONVILLE,DAWSON,GA,EMERGENCY MNGR,TREES DOWN AT 1875 HWY 9 S.,GAC085,Dawson,
201906220524,2019/06/22 05:24,34.30,-84.56,None,FFC,D,TSTM WND DMG,1 SSW WALESKA,CHEROKEE,GA,EMERGENCY MNGR,TREE DOWN ON LITTLE REFUGE RD NEAR FINCHER RD IN WALESKA.,GAC057,Cherokee,
201906220524,2019/06/22 05:24,34.21,-84.29,None,FFC,D,TSTM WND DMG,1 W HOLBROOK,CHEROKEE,GA,EMERGENCY MNGR,TREES DOWN NEAR LITTLE RIVER FARMS TRAIL AND FREEHOME HWY,GAC057,Cherokee,
201906220525,2019/06/22 05:25,34.47,-83.58,None,GSP,D,TSTM WND DMG,2 SW BALDWIN,HABERSHAM,GA,911 CALL CENTER,911 CALL CENTER REPORTED MULTIPLE TREES AND POWER LINES DOWN IN THE ALTO AREA. TIME ESTIMATED FROM RADAR.,GAC137,Habersham,
201906220528,2019/06/22 05:28,34.35,-83.49,None,FFC,D,TSTM WND DMG,2 NNE HOMER,BANKS,GA,SOCIAL MEDIA,LARGE TREE TOPPLED AND PORTA POTTY KNOCKED OVER AT CHIMNEY OAKS GOLF CLUB.,GAC011,Banks,
201906220530,2019/06/22 05:30,34.30,-84.08,None,FFC,D,TSTM WND DMG,2 NNE COAL MOUNTAIN,FORSYTH,GA,PUBLIC,REPORT OF 5-6 TREES AND MULTIPLE POWER LINES DOWN ON ROB COURT IN CUMMING_ GA.,GAC117,Forsyth,
201906220530,2019/06/22 05:30,33.82,-84.80,None,FFC,D,TSTM WND DMG,3 WNW BROWNSVILLE,PAULDING,GA,SOCIAL MEDIA,REPORT OF A TREE THAT FELL ON A HOUSE ON RIDGE RUN DRIVE IN SOUTH PAULDING COUNTY.,GAC223,Paulding,
201906220530,2019/06/22 05:30,35.13,-82.93,None,GSP,D,TSTM WND DMG,LAKE TOXAWAY,TRANSYLVANIA,NC,911 CALL CENTER,TREES DOWN ACROSS ROADS IN THE VICINITY OF LAKE TOXAWAY AND IN THE PISGAH NATIONAL FOREST.,NCC175,Transylvania,
201906220530,2019/06/22 05:30,36.55,-82.09,None,MRX,D,TSTM WND DMG,2 N SOUTH HOLSTON DAM,SULLIVAN,TN,LAW ENFORCEMENT,SEVERAL TREES DOWN ACROSS THE COUNTY.,TNC163,Sullivan,
201906220531,2019/06/22 05:31,38.17,-97.11,None,ICT,F,FLASH FLOOD,PEABODY,MARION,KS,LAW ENFORCEMENT,AUTHORITIES ARE CLOSING THE 9TH STREET BRIDGE DUE TO TWO FEET OF WATER OVER IT.,KSC115,Marion,
201906220534,2019/06/22 05:34,34.12,-84.48,None,FFC,D,TSTM WND DMG,2 ESE LEBANON,CHEROKEE,GA,EMERGENCY MNGR,POWER LINES REPORTED DOWN NEAR TARA COURT IN WOODSTOCK GA.,GAC057,Cherokee,
201906220540,2019/06/22 05:40,35.81,-82.05,None,GSP,D,TSTM WND DMG,2 NNW WOODLAWN,MCDOWELL,NC,EMERGENCY MNGR,MULTIPLE TREES DOWN NEAR THE INTERSECTION OF EP BOYD ROAD AND STOCKTON ROAD.,NCC111,McDowell,
201906220544,2019/06/22 05:44,35.84,-81.80,None,GSP,D,TSTM WND DMG,TABLE ROCK,BURKE,NC,911 CALL CENTER,TREES DOWN ON HIGHWAY 181.,NCC023,Burke,
201906220544,2019/06/22 05:44,35.84,-81.80,None,GSP,x,DEBRIS FLOW,TABLE ROCK,BURKE,NC,911 CALL CENTER,TREES DOWN ON HIGHWAY 181.,NCC023,Burke,
201906220545,2019/06/22 05:45,33.91,-84.80,None,FFC,D,TSTM WND DMG,3 ESE DALLAS,PAULDING,GA,SOCIAL MEDIA,TREES DOWN AT 1300 MERCHANTS DRIVE,GAC223,Paulding,
201906220548,2019/06/22 05:48,34.25,-83.87,None,FFC,D,TSTM WND DMG,2 NNE OAKWOOD,HALL,GA,EMERGENCY MNGR,REPORT OF A TREE ON A HOME ON MOONEY DRIVE IN GAINESVILLE_ GA.,GAC139,Hall,
201906220550,2019/06/22 05:50,34.18,-83.99,None,FFC,D,TSTM WND DMG,2 SW AQUALAND PARK,HALL,GA,EMERGENCY MNGR,REPORT OF MULTIPLE TREES DOWN CAUSING DAMAGE TO 15-20 TENTS_ A CAMPER_ AND A CAR.,GAC139,Hall,
201906220553,2019/06/22 05:53,38.11,-97.11,3.03,ICT,R,HEAVY RAIN,4 S PEABODY,MARION,KS,MESONET,WUNDERGROUND STATION. SINCE ABOUT 10 PM FRIDAY EVENING.,KSC115,Marion,M
201906220554,2019/06/22 05:54,33.99,-83.03,None,FFC,D,TSTM WND DMG,1 WSW POINT PETER,OGLETHORPE,GA,EMERGENCY MNGR,DOWNED ELECTRICAL LINES SPARKED A GRASSFIRE NW OF LAWRENCEVILLE.,GAC221,Oglethorpe,
201906220554,2019/06/22 05:54,34.51,-82.96,None,GSP,D,TSTM WND DMG,2 E FAIR PLAY,ANDERSON,SC,LAW ENFORCEMENT,SC HIGHWAY PATROL REPORTED A TREE DOWN ON INTERSTATE 85 AT MILE MARKER 5.,SCC007,Anderson,
201906220555,2019/06/22 05:55,38.17,-97.11,4.0,ICT,R,HEAVY RAIN,PEABODY,MARION,KS,PUBLIC,VIA SOCIAL MEDIA.,KSC115,Marion,M
201906220555,2019/06/22 05:55,34.03,-84.09,None,FFC,D,TSTM WND DMG,2 SW SUWANEE,GWINNETT,GA,EMERGENCY MNGR,TREES AND WIRES DOWN IN ROADWAY AT INTERSECTION OF SUWANEE CREEK RD NW AND BUFORD HIGHWAY NW.,GAC135,Gwinnett,
201906220555,2019/06/22 05:55,34.36,-83.25,None,GSP,D,TSTM WND DMG,1 WSW CARNESVILLE,FRANKLIN,GA,DEPT OF HIGHWAYS,DEPT OF HIGHWAYS REPORTED TREES DOWN BLOCKING COMMERCE RD. TIME ESTIMATED FROM RADAR.,GAC119,Franklin,
201906220555,2019/06/22 05:55,34.50,-82.94,None,GSP,D,TSTM WND DMG,5 SSW TOWNVILLE,ANDERSON,SC,LAW ENFORCEMENT,SCHP REPORTED A TREE DOWN AT OLD DOBBINS BRIDGE RD AND SULLIVAN RD.,SCC007,Anderson,